year,state_name,state_abbr,agency_id,agency_ori,agency_name,agency_population,population_group_code,population_group,reported,months_reported,nibrs_reported,nibrs_months_reported,covered,participated,nibrs_participated
2015,Michigan,MI,8524,MI3120000,Adams Township,1782,7,"Cities under 2,500",0,0,0,0,1,1,1
2015,Michigan,MI,25601,MI631800X,Addison Township,6541,6,"Cities from 2,500 thru 9,999",1,12,1,12,0,1,1
2015,Michigan,MI,8668,MI4620200,Adrian,20762,5,"Cities from 10,000 thru 24,999",1,12,1,12,0,1,1
2015,Michigan,MI,8669,MI4620300,Adrian Township,6352,6,"Cities from 2,500 thru 9,999",1,12,1,12,0,1,1
2015,Michigan,MI,8642,MI4220300,Ahmeek,151,7,"Cities under 2,500",0,0,0,0,1,1,1
2015,Michigan,MI,8999,MI7920400,Akron,392,7,"Cities under 2,500",1,12,1,12,0,1,1
2015,Michigan,MI,8926,MI7355200,Albee-Maple Grove,2579,6,"Cities from 2,500 thru 9,999",0,0,0,0,1,1,1
2015,Michigan,MI,8943,MI7392900,Albee Township,2070,7,"Cities under 2,500",0,0,0,0,1,1,1
2015,Michigan,MI,8789,MI6020600,Albert Township,2375,7,"Cities under 2,500",0,0,0,0,1,1,1
2015,Michigan,MI,8378,MI1320700,Albion,8184,6,"Cities from 2,500 thru 9,999",1,12,1,12,0,1,1
2015,Michigan,MI,8287,MI0110100,Alcona,10352,8C,"Non-MSA counties from 10,000 thru 24,999",1,12,1,12,0,1,1
2015,Michigan,MI,8291,MI0210200,Alger,7136,8D,"Non-MSA counties under 10,000",1,12,1,12,0,1,1
2015,Michigan,MI,8946,MI7420900,Algonac,4045,6,"Cities from 2,500 thru 9,999",0,0,0,0,1,1,1
2015,Michigan,MI,8294,MI0310300,Allegan,86076,8B,"Non-MSA counties from 25,000 thru 99,999",1,12,1,12,0,1,1
2015,Michigan,MI,8295,MI0321000,Allegan,5088,6,"Cities from 2,500 thru 9,999",1,12,1,12,0,1,1
2015,Michigan,MI,9045,MI8221200,Allen Park,27422,4,"Cities from 25,000 thru 49,999",1,12,1,12,0,1,1
2015,Michigan,MI,8509,MI2921300,Alma,9200,6,"Cities from 2,500 thru 9,999",1,12,1,12,0,1,1
2015,Michigan,MI,8649,MI4421400,Almont,2700,6,"Cities from 2,500 thru 9,999",1,12,1,12,0,1,1
2015,Michigan,MI,8307,MI0421500,Alpena,10193,5,"Cities from 10,000 thru 24,999",1,12,1,12,0,1,1
2015,Michigan,MI,8306,MI0410400,Alpena,18666,8C,"Non-MSA counties from 10,000 thru 24,999",1,12,1,12,0,1,1
2015,Michigan,MI,8575,MI3621600,Alpha,136,7,"Cities under 2,500",0,0,0,0,1,1,1
2015,Michigan,MI,9030,MI8121800,Ann Arbor,118730,2,"Cities from 100,000 thru 249,000",1,12,1,12,0,1,1
2015,Michigan,MI,8309,MI0510500,Antrim,18220,8C,"Non-MSA counties from 10,000 thru 24,999",1,12,1,12,0,1,1
2015,Michigan,MI,9000,MI7922200,Arbela Township,2954,6,"Cities from 2,500 thru 9,999",0,0,0,0,1,1,1
2015,Michigan,MI,8316,MI0610600,Arenac,12925,8C,"Non-MSA counties from 10,000 thru 24,999",1,12,1,12,0,1,1
2015,Michigan,MI,8461,MI2521900,Argentine Township,6635,6,"Cities from 2,500 thru 9,999",1,12,1,12,0,1,1
2015,Michigan,MI,8701,MI5022000,Armada,1748,7,"Cities under 2,500",1,12,1,12,0,1,1
2015,Michigan,MI,8462,MI2522100,Atlas Township,5966,6,"Cities from 2,500 thru 9,999",0,0,0,0,1,1,1
2015,Michigan,MI,8334,MI0922300,Auburn,2130,7,"Cities under 2,500",0,0,0,0,1,1,1
2015,Michigan,MI,8859,MI6385100,Auburn Hills,21955,5,"Cities from 10,000 thru 24,999",1,12,1,12,0,1,1
2015,Michigan,MI,8317,MI0622500,Au Gres,857,7,"Cities under 2,500",0,0,0,0,0,0,0
2015,Michigan,MI,8607,MI3922600,Augusta,907,7,"Cities under 2,500",1,12,1,12,0,1,1
2015,Michigan,MI,8535,MI3222800,Bad Axe,3005,6,"Cities from 2,500 thru 9,999",1,12,1,12,0,1,1
2015,Michigan,MI,8985,MI7823000,Bancroft,521,7,"Cities under 2,500",1,12,1,12,0,1,1
2015,Michigan,MI,9015,MI8023100,Bangor,1852,7,"Cities under 2,500",1,12,1,12,0,1,1
2015,Michigan,MI,8321,MI0723200,Baraga,2005,7,"Cities under 2,500",0,0,0,0,0,0,0
2015,Michigan,MI,8320,MI0710700,Baraga,4668,8D,"Non-MSA counties under 10,000",1,12,1,12,0,1,1
2015,Michigan,MI,8348,MI1123300,Baroda-Lake Township,3785,6,"Cities from 2,500 thru 9,999",1,12,1,12,0,1,1
2015,Michigan,MI,8324,MI0810800,Barry,41056,9B,"MSA counties from 25,000 thru 99,999",1,12,1,12,0,1,1
2015,Michigan,MI,8746,MI5423800,Barryton ,360,7,"Cities under 2,500",1,12,1,12,0,1,1
2015,Michigan,MI,8325,MI0823400,Barry Township,3409,6,"Cities from 2,500 thru 9,999",1,12,1,12,0,1,1
2015,Michigan,MI,8419,MI1923600,Bath Township,12030,5,"Cities from 10,000 thru 24,999",1,12,1,12,0,1,1
2015,Michigan,MI,8379,MI1323700,Battle Creek,61240,3,"Cities from 50,000 thru 99,000",1,12,1,12,0,1,1
2015,Michigan,MI,8380,MI1323800,Battle Creek Township,0,7,"Cities under 2,500",0,0,0,0,1,1,1
2015,Michigan,MI,8333,MI0910900,Bay,57594,9B,"MSA counties from 25,000 thru 99,999",1,12,1,12,0,1,1
2015,Michigan,MI,8335,MI0923900,Bay City,33965,4,"Cities from 25,000 thru 49,999",1,12,1,12,0,1,1
2015,Michigan,MI,9101,MIDI05400,Bay Mills Tribal,0,7,"Cities under 2,500",1,12,0,0,0,1,0
2015,Michigan,MI,8494,MI2624200,Beaverton,1057,7,"Cities under 2,500",1,12,1,12,0,1,1
2015,Michigan,MI,8381,MI1324300,Bedford Township,9520,6,"Cities from 2,500 thru 9,999",0,0,0,0,1,1,1
2015,Michigan,MI,8564,MI3424400,Belding,5792,6,"Cities from 2,500 thru 9,999",1,12,1,12,0,1,1
2015,Michigan,MI,8310,MI0524500,Bellaire,1068,7,"Cities under 2,500",1,12,1,12,0,1,1
2015,Michigan,MI,9046,MI8224600,Belleville,3845,6,"Cities from 2,500 thru 9,999",1,12,1,12,0,1,1
2015,Michigan,MI,8444,MI2324700,Bellevue,1275,7,"Cities under 2,500",0,0,0,0,0,0,0
2015,Michigan,MI,8865,MI6425000,Benona Township,1434,7,"Cities under 2,500",0,0,0,0,1,1,1
2015,Michigan,MI,8349,MI1124800,Benton Harbor,10012,5,"Cities from 10,000 thru 24,999",1,12,1,12,0,1,1
2015,Michigan,MI,8350,MI1124900,Benton Township,14474,5,"Cities from 10,000 thru 24,999",1,12,1,12,0,1,1
2015,Michigan,MI,8341,MI1011000,Benzie,16241,8C,"Non-MSA counties from 10,000 thru 24,999",1,12,1,12,0,1,1
2015,Michigan,MI,8815,MI6325100,Berkley,15349,5,"Cities from 10,000 thru 24,999",1,12,1,12,0,1,1
2015,Michigan,MI,8347,MI1111100,Berrien,52098,9B,"MSA counties from 25,000 thru 99,999",1,12,1,12,0,1,1
2015,Michigan,MI,8351,MI1125200,Berrien Springs-Oronoko Township,9124,6,"Cities from 2,500 thru 9,999",1,12,1,12,0,1,1
2015,Michigan,MI,8498,MI2725300,Bessemer,1787,7,"Cities under 2,500",0,0,0,0,1,1,1
2015,Michigan,MI,8342,MI1025400,Beulah,342,7,"Cities under 2,500",0,0,0,0,1,1,1
2015,Michigan,MI,8816,MI6325500,Beverly Hills,10493,5,"Cities from 10,000 thru 24,999",1,12,1,12,0,1,1
2015,Michigan,MI,8747,MI5425600,Big Rapids,10445,5,"Cities from 10,000 thru 24,999",1,12,1,12,0,1,1
2015,Michigan,MI,8921,MI7325800,Birch Run,1481,7,"Cities under 2,500",1,12,1,12,0,1,1
2015,Michigan,MI,8817,MI6325900,Birmingham,20925,5,"Cities from 10,000 thru 24,999",1,12,1,12,0,1,1
2015,Michigan,MI,8463,MI2525700,Bishop International Airport,0,7,"Cities under 2,500",0,5,0,5,0,0,0
2015,Michigan,MI,8601,MI3889000,Blackman Township,37632,4,"Cities from 25,000 thru 49,999",1,12,1,12,0,1,1
2015,Michigan,MI,8670,MI4626000,Blissfield,3250,6,"Cities from 2,500 thru 9,999",1,12,1,12,0,1,1
2015,Michigan,MI,8818,MI6326100,Bloomfield Hills,4021,6,"Cities from 2,500 thru 9,999",1,12,1,12,0,1,1
2015,Michigan,MI,8819,MI6326200,Bloomfield Township,42190,4,"Cities from 25,000 thru 49,999",1,12,1,12,0,1,1
2015,Michigan,MI,9016,MI8026300,Bloomingdale,443,7,"Cities under 2,500",0,0,0,0,1,1,1
2015,Michigan,MI,8397,MI1526400,Boyne City,3767,6,"Cities from 2,500 thru 9,999",1,12,1,12,0,1,1
2015,Michigan,MI,8398,MI1526500,Boyne Falls,294,7,"Cities under 2,500",0,0,0,0,1,1,1
2015,Michigan,MI,8370,MI1211200,Branch,26893,8B,"Non-MSA counties from 25,000 thru 99,999",1,12,1,12,0,1,1
2015,Michigan,MI,25664,MI631810X,Brandon Township,15672,5,"Cities from 10,000 thru 24,999",1,12,1,12,0,1,1
2015,Michigan,MI,8842,MI6363800,Brandon Township,0,7,"Cities under 2,500",0,0,0,0,1,1,1
2015,Michigan,MI,8510,MI2926600,Breckenridge,1305,7,"Cities under 2,500",1,12,1,12,0,1,1
2015,Michigan,MI,9017,MI8026700,Breedsville,197,7,"Cities under 2,500",0,0,0,0,1,1,1
2015,Michigan,MI,8937,MI7386300,Bridgeport Township,10115,5,"Cities from 10,000 thru 24,999",1,12,1,12,0,1,1
2015,Michigan,MI,8352,MI1126800,Bridgman,2253,7,"Cities under 2,500",1,12,1,12,0,1,1
2015,Michigan,MI,8684,MI4726900,Brighton,7682,6,"Cities from 2,500 thru 9,999",1,12,1,12,0,1,1
2015,Michigan,MI,8671,MI4627100,Britton,571,7,"Cities under 2,500",0,0,0,0,1,1,1
2015,Michigan,MI,8371,MI1227200,Bronson,2320,7,"Cities under 2,500",1,12,1,12,0,1,1
2015,Michigan,MI,8588,MI3827300,Brooklyn,1198,7,"Cities under 2,500",0,0,0,0,1,1,1
2015,Michigan,MI,8969,MI7627400,Brown City,1268,7,"Cities under 2,500",1,12,1,12,0,1,1
2015,Michigan,MI,9089,MI8294700,Brownstown Township,30820,4,"Cities from 25,000 thru 49,999",0,11,0,11,0,0,0
2015,Michigan,MI,8353,MI1127600,Buchanan,4374,6,"Cities from 2,500 thru 9,999",1,12,1,12,0,1,1
2015,Michigan,MI,9093,MI8327700,Buckley,704,7,"Cities under 2,500",0,0,0,0,1,1,1
2015,Michigan,MI,8936,MI7385600,Buena Vista Township,8257,6,"Cities from 2,500 thru 9,999",1,12,1,12,0,1,1
2015,Michigan,MI,8959,MI7527900,Burr Oak,818,7,"Cities under 2,500",1,12,1,12,0,1,1
2015,Michigan,MI,8483,MI2583900,Burton,28739,4,"Cities from 25,000 thru 49,999",1,12,1,12,0,1,1
2015,Michigan,MI,8986,MI7828000,Byron,557,7,"Cities under 2,500",0,0,0,0,0,0,0
2015,Michigan,MI,9094,MI8328100,Cadillac,10329,5,"Cities from 10,000 thru 24,999",1,12,1,12,0,1,1
2015,Michigan,MI,8987,MI7828300,Caledonia Township,4357,6,"Cities from 2,500 thru 9,999",0,0,0,0,1,1,1
2015,Michigan,MI,8377,MI1311300,Calhoun,46487,9B,"MSA counties from 25,000 thru 99,999",1,12,1,12,0,1,1
2015,Michigan,MI,8525,MI3128400,Calumet,703,7,"Cities under 2,500",1,12,1,12,0,1,1
2015,Michigan,MI,8680,MI4693100,Cambridge Township,5671,6,"Cities from 2,500 thru 9,999",1,12,1,12,0,1,1
2015,Michigan,MI,8521,MI3091000,Camden,501,7,"Cities under 2,500",0,0,0,0,1,1,1
2015,Michigan,MI,8820,MI6328500,Camp Dearborn,0,7,"Cities under 2,500",0,0,0,0,1,1,1
2015,Michigan,MI,8431,MI2095600,Camp Grayling,0,7,"Cities under 2,500",0,0,0,0,1,1,1
2015,Michigan,MI,9087,MI8290800,Canton Township,89628,3,"Cities from 50,000 thru 99,000",1,12,1,12,0,1,1
2015,Michigan,MI,8947,MI7428600,Capac,1849,7,"Cities under 2,500",1,12,1,12,0,1,1
2015,Michigan,MI,8427,MI1989100,Capitol Region Airport Authority,0,7,"Cities under 2,500",1,12,1,12,0,1,1
2015,Michigan,MI,8766,MI5828700,Carleton,2349,7,"Cities under 2,500",1,12,1,12,0,1,1
2015,Michigan,MI,9001,MI7929000,Caro,4089,6,"Cities from 2,500 thru 9,999",1,12,1,12,0,1,1
2015,Michigan,MI,8922,MI7328800,Carrollton Township,5851,6,"Cities from 2,500 thru 9,999",1,12,1,12,0,1,1
2015,Michigan,MI,8776,MI5929100,Carson City,1090,7,"Cities under 2,500",1,12,1,12,0,1,1
2015,Michigan,MI,8970,MI7629200,Carsonville,508,7,"Cities under 2,500",0,0,0,0,1,1,1
2015,Michigan,MI,8536,MI3229300,Caseville,743,7,"Cities under 2,500",1,12,1,12,0,1,1
2015,Michigan,MI,8537,MI3229400,Caseville Township,1726,7,"Cities under 2,500",0,0,0,0,1,1,1
2015,Michigan,MI,8793,MI6129400,Casnovia,327,7,"Cities under 2,500",0,0,0,0,1,1,1
2015,Michigan,MI,8576,MI3629500,Caspian-Gaastra,1193,7,"Cities under 2,500",1,12,1,12,0,1,1
2015,Michigan,MI,8388,MI1411400,Cass,37547,9B,"MSA counties from 25,000 thru 99,999",1,12,1,12,0,1,1
2015,Michigan,MI,9002,MI7929600,Cass City,2351,7,"Cities under 2,500",1,12,1,12,0,1,1
2015,Michigan,MI,8389,MI1429700,Cassopolis,1730,7,"Cities under 2,500",1,12,1,12,0,1,1
2015,Michigan,MI,8627,MI4130000,Cedar Springs,3625,6,"Cities from 2,500 thru 9,999",0,0,0,0,1,1,1
2015,Michigan,MI,8702,MI5030300,Center Line,8331,6,"Cities from 2,500 thru 9,999",1,12,1,12,0,1,1
2015,Michigan,MI,8311,MI0530400,Central Lake,938,7,"Cities under 2,500",1,12,1,12,0,1,1
2015,Michigan,MI,8585,MI3787000,Central Michigan University,0,7,"Cities under 2,500",1,12,1,12,0,1,1
2015,Michigan,MI,8960,MI7530500,Centreville,1414,7,"Cities under 2,500",0,0,0,0,0,0,0
2015,Michigan,MI,8620,MI3996300,Charleston Township,2010,7,"Cities under 2,500",0,0,0,0,1,1,1
2015,Michigan,MI,8399,MI1530600,Charlevoix,2534,6,"Cities from 2,500 thru 9,999",1,12,1,12,0,1,1
2015,Michigan,MI,8396,MI1511500,Charlevoix,17517,8C,"Non-MSA counties from 10,000 thru 24,999",1,12,1,12,0,1,1
2015,Michigan,MI,8445,MI2330700,Charlotte,9053,6,"Cities from 2,500 thru 9,999",1,12,1,12,0,1,1
2015,Michigan,MI,8402,MI1611600,Cheboygan,17550,8C,"Non-MSA counties from 10,000 thru 24,999",1,12,1,12,0,1,1
2015,Michigan,MI,8403,MI1630900,Cheboygan,4760,6,"Cities from 2,500 thru 9,999",1,12,1,12,0,1,1
2015,Michigan,MI,9031,MI8131000,Chelsea,5274,6,"Cities from 2,500 thru 9,999",1,12,1,12,0,1,1
2015,Michigan,MI,8923,MI7331100,Chesaning,2288,7,"Cities under 2,500",1,12,1,12,0,1,1
2015,Michigan,MI,8938,MI7387200,Chesaning Township,2186,7,"Cities under 2,500",0,0,0,0,1,1,1
2015,Michigan,MI,8718,MI5090200,Chesterfield Township,44636,4,"Cities from 25,000 thru 49,999",1,12,1,12,0,1,1
2015,Michigan,MI,8367,MI1187100,Chikaming Township,3090,6,"Cities from 2,500 thru 9,999",1,12,1,12,0,1,1
2015,Michigan,MI,8955,MI7487400,China Township,3478,6,"Cities from 2,500 thru 9,999",0,0,0,0,1,1,1
2015,Michigan,MI,8407,MI1711700,Chippewa,16784,8C,"Non-MSA counties from 10,000 thru 24,999",1,12,1,12,0,1,1
2015,Michigan,MI,8727,MI5231200,Chocolay Township,6003,6,"Cities from 2,500 thru 9,999",1,12,1,12,0,1,1
2015,Michigan,MI,8413,MI1831300,Clare,3078,6,"Cities from 2,500 thru 9,999",1,12,1,12,0,1,1
2015,Michigan,MI,8412,MI1811800,Clare,26520,8B,"Non-MSA counties from 25,000 thru 99,999",1,12,1,12,0,1,1
2015,Michigan,MI,25636,MI631820X,Clarkston,902,7,"Cities under 2,500",1,12,1,12,0,1,1
2015,Michigan,MI,8822,MI6331500,Clarkston,0,7,"Cities under 2,500",0,0,0,0,1,1,1
2015,Michigan,MI,8823,MI6331600,Clawson,12105,5,"Cities from 10,000 thru 24,999",1,12,1,12,0,1,1
2015,Michigan,MI,8673,MI4631700,Clayton,339,7,"Cities under 2,500",0,0,0,0,1,1,1
2015,Michigan,MI,8464,MI2531400,Clayton Township,7204,6,"Cities from 2,500 thru 9,999",1,12,1,12,0,1,1
2015,Michigan,MI,8954,MI7486700,Clay Township,8861,6,"Cities from 2,500 thru 9,999",1,12,1,12,0,1,1
2015,Michigan,MI,8650,MI4431800,Clifford,324,7,"Cities under 2,500",0,0,0,0,1,1,1
2015,Michigan,MI,8608,MI3931900,Climax,783,7,"Cities under 2,500",0,0,0,0,1,1,1
2015,Michigan,MI,8674,MI4632000,Clinton,2280,7,"Cities under 2,500",1,12,1,12,0,1,1
2015,Michigan,MI,8418,MI1911900,Clinton,33673,9B,"MSA counties from 25,000 thru 99,999",1,12,1,12,0,1,1
2015,Michigan,MI,8717,MI5084900,Clinton Township,99662,3,"Cities from 50,000 thru 99,000",1,12,1,12,0,1,1
2015,Michigan,MI,8465,MI2532100,Clio,2533,6,"Cities from 2,500 thru 9,999",1,12,1,12,0,1,1
2015,Michigan,MI,8372,MI1232200,Coldwater,10783,5,"Cities from 10,000 thru 24,999",1,12,1,12,0,1,1
2015,Michigan,MI,8756,MI5632300,Coleman,1203,7,"Cities under 2,500",1,12,1,12,0,1,1
2015,Michigan,MI,8354,MI1132400,Coloma City,1458,7,"Cities under 2,500",0,0,0,0,1,1,1
2015,Michigan,MI,8366,MI1185300,Coloma Township,6418,6,"Cities from 2,500 thru 9,999",1,12,1,12,0,1,1
2015,Michigan,MI,8961,MI7532500,Colon,1156,7,"Cities under 2,500",1,12,1,12,0,1,1
2015,Michigan,MI,8589,MI3832600,Columbia Township,7424,6,"Cities from 2,500 thru 9,999",1,12,1,12,0,1,1
2015,Michigan,MI,8651,MI4432600,Columbiaville,780,7,"Cities under 2,500",0,0,0,0,1,1,1
2015,Michigan,MI,25625,MI631830X,Commerce Township,38185,4,"Cities from 25,000 thru 49,999",1,12,1,12,0,1,1
2015,Michigan,MI,8590,MI3832700,Concord,1049,7,"Cities under 2,500",0,0,0,0,0,0,0
2015,Michigan,MI,8962,MI7532900,Constantine,2058,7,"Cities under 2,500",1,12,1,12,0,1,1
2015,Michigan,MI,8895,MI7033000,Coopersville,4361,6,"Cities from 2,500 thru 9,999",0,0,0,0,1,1,1
2015,Michigan,MI,8723,MI5133300,Copemish Cleon,935,7,"Cities under 2,500",0,0,0,0,1,1,1
2015,Michigan,MI,8526,MI3133200,Copper City,187,7,"Cities under 2,500",0,0,0,0,1,1,1
2015,Michigan,MI,8988,MI7833500,Corunna,3399,6,"Cities from 2,500 thru 9,999",1,12,1,12,0,1,1
2015,Michigan,MI,9026,MI8087300,Covert Township,2826,6,"Cities from 2,500 thru 9,999",1,12,1,12,0,1,1
2015,Michigan,MI,8429,MI2012000,Crawford,11848,8C,"Non-MSA counties from 10,000 thru 24,999",1,12,1,12,0,1,1
2015,Michigan,MI,8971,MI7633600,Croswell,2328,7,"Cities under 2,500",1,12,1,12,0,1,1
2015,Michigan,MI,8577,MI3633800,Crystal Falls,1408,7,"Cities under 2,500",1,12,1,12,0,1,1
2015,Michigan,MI,8777,MI5933700,Crystal Township,2684,6,"Cities from 2,500 thru 9,999",0,0,0,0,1,1,1
2015,Michigan,MI,8794,MI6134000,Dalton Township,8011,6,"Cities from 2,500 thru 9,999",0,0,0,0,1,1,1
2015,Michigan,MI,8466,MI2534200,Davison,4961,6,"Cities from 2,500 thru 9,999",1,12,1,12,0,1,1
2015,Michigan,MI,8487,MI2586000,Davison Township,18948,5,"Cities from 10,000 thru 24,999",1,12,1,12,0,1,1
2015,Michigan,MI,9047,MI8234300,Dearborn,94962,3,"Cities from 50,000 thru 99,000",1,12,1,12,0,1,1
2015,Michigan,MI,9048,MI8234400,Dearborn Heights,56111,3,"Cities from 50,000 thru 99,000",1,12,1,12,0,1,1
2015,Michigan,MI,9018,MI8034500,Decatur,1764,7,"Cities under 2,500",1,12,1,12,0,1,1
2015,Michigan,MI,8972,MI7634600,Deckerville,795,7,"Cities under 2,500",0,0,0,0,1,1,1
2015,Michigan,MI,8559,MI3384800,Delhi Township,26336,4,"Cities from 25,000 thru 49,999",0,0,0,0,1,1,1
2015,Michigan,MI,8433,MI2112100,Delta,19240,8C,"Non-MSA counties from 10,000 thru 24,999",1,12,1,12,0,1,1
2015,Michigan,MI,8338,MI0988200,Delta College,0,7,"Cities under 2,500",1,12,1,12,0,1,1
2015,Michigan,MI,9012,MI7992800,Denmark Township,1558,7,"Cities under 2,500",0,0,0,0,1,1,1
2015,Michigan,MI,8912,MI7235500,Denton Township,5374,6,"Cities from 2,500 thru 9,999",1,12,1,12,0,1,1
2015,Michigan,MI,8408,MI1734800,Detour Village,324,7,"Cities under 2,500",0,0,0,0,1,1,1
2015,Michigan,MI,9049,MI8234900,Detroit,673225,1B,"Cities from 500,000 thru 999,999",1,12,1,12,0,1,1
2015,Michigan,MI,8420,MI1935000,Dewitt,4733,6,"Cities from 2,500 thru 9,999",1,12,1,12,0,1,1
2015,Michigan,MI,8426,MI1985700,Dewitt Township,14786,5,"Cities from 10,000 thru 24,999",1,12,1,12,0,1,1
2015,Michigan,MI,9032,MI8135100,Dexter,4570,6,"Cities from 2,500 thru 9,999",0,0,0,0,1,1,1
2015,Michigan,MI,8438,MI2212200,Dickinson,10475,8C,"Non-MSA counties from 10,000 thru 24,999",0,0,0,0,0,0,0
2015,Michigan,MI,8446,MI2335200,Dimondale,1245,7,"Cities under 2,500",0,0,0,0,1,1,1
2015,Michigan,MI,8390,MI1435400,Dowagiac,5719,6,"Cities from 2,500 thru 9,999",0,0,0,0,0,0,0
2015,Michigan,MI,8659,MI4494500,Dryden,941,7,"Cities under 2,500",0,0,0,0,1,1,1
2015,Michigan,MI,8652,MI4435600,Dryden Township,4764,6,"Cities from 2,500 thru 9,999",1,12,1,12,0,1,1
2015,Michigan,MI,8767,MI5835700,Dundee,3955,6,"Cities from 2,500 thru 9,999",0,0,0,0,0,0,0
2015,Michigan,MI,8989,MI7835800,Durand,3333,6,"Cities from 2,500 thru 9,999",1,12,1,12,0,1,1
2015,Michigan,MI,9033,MI8136600,Eastern Michigan University,0,7,"Cities under 2,500",1,12,1,12,0,1,1
2015,Michigan,MI,8628,MI4136100,East Grand Rapids,11402,5,"Cities from 10,000 thru 24,999",1,12,1,12,0,1,1
2015,Michigan,MI,8400,MI1536200,East Jordan,2365,7,"Cities under 2,500",1,12,1,12,0,1,1
2015,Michigan,MI,8550,MI3336400,East Lansing,48668,4,"Cities from 25,000 thru 49,999",1,12,1,12,0,1,1
2015,Michigan,MI,8703,MI5036000,Eastpointe,32709,4,"Cities from 25,000 thru 49,999",1,12,1,12,0,1,1
2015,Michigan,MI,8443,MI2312300,Eaton,76503,9B,"MSA counties from 25,000 thru 99,999",1,12,1,12,0,1,1
2015,Michigan,MI,8447,MI2336700,Eaton Rapids,5220,6,"Cities from 2,500 thru 9,999",1,12,1,12,0,1,1
2015,Michigan,MI,8355,MI1136800,Eau Claire,620,7,"Cities under 2,500",1,12,1,12,0,1,1
2015,Michigan,MI,9050,MI8237000,Ecorse,9268,6,"Cities from 2,500 thru 9,999",0,5,0,5,0,0,0
2015,Michigan,MI,8779,MI5937300,Edmore,1194,7,"Cities under 2,500",0,0,0,1,1,1,1
2015,Michigan,MI,8795,MI6137300,Egelston Township,9827,6,"Cities from 2,500 thru 9,999",0,0,0,0,1,1,1
2015,Michigan,MI,8343,MI1037400,Elberta,371,7,"Cities under 2,500",0,0,0,0,1,1,1
2015,Michigan,MI,8312,MI0537500,Elk Rapids,1618,7,"Cities under 2,500",1,12,1,12,0,1,1
2015,Michigan,MI,8538,MI3237600,Elkton,778,7,"Cities under 2,500",1,12,1,12,0,1,1
2015,Michigan,MI,8313,MI0537700,Ellsworth,343,7,"Cities under 2,500",0,0,0,0,1,1,1
2015,Michigan,MI,8421,MI1937800,Elsie,981,7,"Cities under 2,500",0,11,0,11,0,0,0
2015,Michigan,MI,8455,MI2412400,Emmet,25873,8B,"Non-MSA counties from 25,000 thru 99,999",1,12,1,12,0,1,1
2015,Michigan,MI,8382,MI1337900,Emmett Township,11669,5,"Cities from 10,000 thru 24,999",1,12,1,12,0,1,1
2015,Michigan,MI,8662,MI4538000,Empire,379,7,"Cities under 2,500",0,0,0,0,1,1,1
2015,Michigan,MI,8768,MI5838100,Erie Township,4397,6,"Cities from 2,500 thru 9,999",1,12,1,12,0,1,1
2015,Michigan,MI,8434,MI2138200,Escanaba,12364,5,"Cities from 10,000 thru 24,999",1,12,1,12,0,1,1
2015,Michigan,MI,8336,MI0938300,Essexville,3400,6,"Cities from 2,500 thru 9,999",1,12,1,12,0,1,1
2015,Michigan,MI,8769,MI5838400,Estral Beach,405,7,"Cities under 2,500",0,0,0,0,1,1,1
2015,Michigan,MI,8883,MI6738500,Evart,1863,7,"Cities under 2,500",1,12,1,12,0,1,1
2015,Michigan,MI,9003,MI7938600,Fairgrove,541,7,"Cities under 2,500",0,0,0,0,1,1,1
2015,Michigan,MI,8539,MI3238700,Fair Haven Township,1057,7,"Cities under 2,500",0,0,0,0,0,0,0
2015,Michigan,MI,8824,MI6338800,Farmington,10600,5,"Cities from 10,000 thru 24,999",1,12,1,12,0,1,1
2015,Michigan,MI,8825,MI6338900,Farmington Hills,81862,3,"Cities from 50,000 thru 99,000",1,12,1,12,0,1,1
2015,Michigan,MI,8414,MI1839000,Farwell,855,7,"Cities under 2,500",0,0,0,0,1,1,1
2015,Michigan,MI,8297,MI0339200,Fennville,1399,7,"Cities under 2,500",1,12,1,12,0,1,1
2015,Michigan,MI,8467,MI2539300,Fenton,11395,5,"Cities from 10,000 thru 24,999",1,12,1,12,0,1,1
2015,Michigan,MI,8826,MI6339400,Ferndale,20345,5,"Cities from 10,000 thru 24,999",1,12,1,12,0,1,1
2015,Michigan,MI,8748,MI5486400,Ferris State University,0,7,"Cities under 2,500",1,12,1,12,0,1,1
2015,Michigan,MI,8896,MI7039500,Ferrysburg,3007,6,"Cities from 2,500 thru 9,999",0,0,0,0,1,1,1
2015,Michigan,MI,9051,MI8239700,Flat Rock,9849,6,"Cities from 2,500 thru 9,999",1,12,1,12,0,1,1
2015,Michigan,MI,8468,MI2539800,Flint,98221,3,"Cities from 50,000 thru 99,000",1,12,1,12,0,1,1
2015,Michigan,MI,8469,MI2539900,Flint Township,30654,4,"Cities from 25,000 thru 49,999",1,12,1,12,0,1,1
2015,Michigan,MI,8470,MI2540000,Flushing,8075,6,"Cities from 2,500 thru 9,999",1,12,1,12,0,1,1
2015,Michigan,MI,8471,MI2540100,Flushing Township,10270,5,"Cities from 10,000 thru 24,999",1,12,1,12,0,1,1
2015,Michigan,MI,8733,MI5284100,Forsyth Township,6250,6,"Cities from 2,500 thru 9,999",1,12,1,12,0,1,1
2015,Michigan,MI,8422,MI1940400,Fowler,1238,7,"Cities under 2,500",0,0,0,0,1,1,1
2015,Michigan,MI,8685,MI4740500,Fowlerville,2979,6,"Cities from 2,500 thru 9,999",1,12,1,12,0,1,1
2015,Michigan,MI,8924,MI7340600,Frankenmuth,4949,6,"Cities from 2,500 thru 9,999",1,12,1,12,0,1,1
2015,Michigan,MI,8344,MI1040700,Frankfort,1288,7,"Cities under 2,500",1,12,1,12,0,1,1
2015,Michigan,MI,8827,MI6340800,Franklin,3252,6,"Cities from 2,500 thru 9,999",1,12,1,12,0,1,1
2015,Michigan,MI,8704,MI5040900,Fraser,14658,5,"Cities from 10,000 thru 24,999",1,12,1,12,0,1,1
2015,Michigan,MI,8326,MI0841000,Freeport,483,7,"Cities under 2,500",0,0,0,0,0,0,0
2015,Michigan,MI,8812,MI6284200,Fremont,4022,6,"Cities from 2,500 thru 9,999",1,12,1,12,0,1,1
2015,Michigan,MI,8415,MI1841100,Frost Township,1026,7,"Cities under 2,500",0,0,0,0,0,0,0
2015,Michigan,MI,8796,MI6141200,Fruitport,1107,7,"Cities under 2,500",1,12,1,12,0,1,1
2015,Michigan,MI,8578,MI3641400,Gaastra,330,7,"Cities under 2,500",0,0,0,0,1,1,1
2015,Michigan,MI,9004,MI7941500,Gagetown,378,7,"Cities under 2,500",1,12,1,12,0,1,1
2015,Michigan,MI,8472,MI2541600,Gaines,369,7,"Cities under 2,500",0,0,0,0,1,1,1
2015,Michigan,MI,25275,MI2542600,Gaines Township,6209,6,"Cities from 2,500 thru 9,999",1,12,1,12,0,1,1
2015,Michigan,MI,8609,MI3941700,Galesburg,2046,7,"Cities under 2,500",1,12,1,12,0,1,1
2015,Michigan,MI,8356,MI1141800,Galien,533,7,"Cities under 2,500",0,0,0,0,0,0,0
2015,Michigan,MI,8435,MI2141900,Garden,217,7,"Cities under 2,500",0,0,0,0,1,1,1
2015,Michigan,MI,9052,MI8242000,Garden City,26909,4,"Cities from 25,000 thru 49,999",1,12,1,12,0,1,1
2015,Michigan,MI,8624,MI4089200,Garfield Township,821,7,"Cities under 2,500",1,12,1,12,0,1,1
2015,Michigan,MI,8891,MI6942100,Gaylord,3648,6,"Cities from 2,500 thru 9,999",1,12,1,12,0,1,1
2015,Michigan,MI,8460,MI2512500,Genesee,39968,9B,"MSA counties from 25,000 thru 99,999",1,12,1,12,0,1,1
2015,Michigan,MI,23127,MI2589700,Genesee County Parks and Recreation,0,9D,"MSA counties under 10,000",1,12,1,12,0,1,1
2015,Michigan,MI,8473,MI2542200,Genesee Township,20540,5,"Cities from 10,000 thru 24,999",1,12,1,12,0,1,1
2015,Michigan,MI,8632,MI4144100,Gerald R. Ford International Airport,0,7,"Cities under 2,500",1,12,1,12,0,1,1
2015,Michigan,MI,8918,MI7294600,Gerrish Township,2926,6,"Cities from 2,500 thru 9,999",1,12,1,12,0,1,1
2015,Michigan,MI,9053,MI8242300,Gibraltar,4523,6,"Cities from 2,500 thru 9,999",1,12,1,12,0,1,1
2015,Michigan,MI,8436,MI2142400,Gladstone,4843,6,"Cities from 2,500 thru 9,999",1,12,1,12,0,1,1
2015,Michigan,MI,8495,MI2642500,Gladwin,2901,6,"Cities from 2,500 thru 9,999",1,12,1,12,0,1,1
2015,Michigan,MI,8493,MI2612600,Gladwin,21384,8C,"Non-MSA counties from 10,000 thru 24,999",1,12,1,12,0,1,1
2015,Michigan,MI,9019,MI8042800,Gobles,807,7,"Cities under 2,500",0,0,0,0,1,1,1
2015,Michigan,MI,8497,MI2712700,Gogebic,8829,8D,"Non-MSA counties under 10,000",1,12,1,12,0,1,1
2015,Michigan,MI,8474,MI2542900,Goodrich,1825,7,"Cities under 2,500",0,0,0,0,1,1,1
2015,Michigan,MI,8357,MI1143000,Grand Beach,272,7,"Cities under 2,500",1,12,1,12,0,1,1
2015,Michigan,MI,8475,MI2543100,Grand Blanc,7977,6,"Cities from 2,500 thru 9,999",1,12,1,12,0,1,1
2015,Michigan,MI,8485,MI2585200,Grand Blanc Township,36557,4,"Cities from 25,000 thru 49,999",1,12,1,12,0,1,1
2015,Michigan,MI,8897,MI7043200,Grand Haven,11108,5,"Cities from 10,000 thru 24,999",1,12,1,12,0,1,1
2015,Michigan,MI,8448,MI2343500,Grand Ledge,7791,6,"Cities from 2,500 thru 9,999",1,12,1,12,0,1,1
2015,Michigan,MI,8630,MI4143600,Grand Rapids,195268,2,"Cities from 100,000 thru 249,000",1,12,1,12,0,1,1
2015,Michigan,MI,8629,MI4142900,Grand Rapids Community College,0,7,"Cities under 2,500",1,12,1,12,0,1,1
2015,Michigan,MI,8505,MI2812800,Grand Traverse,76848,8B,"Non-MSA counties from 25,000 thru 99,999",1,12,1,12,0,1,1
2015,Michigan,MI,8665,MI4596900,Grand Traverse Tribal,0,7,"Cities under 2,500",1,12,0,0,0,1,0
2015,Michigan,MI,8902,MI7088300,Grand Valley State University,0,7,"Cities under 2,500",0,11,0,11,0,0,0
2015,Michigan,MI,8631,MI4143700,Grandville,15980,5,"Cities from 10,000 thru 24,999",1,12,1,12,0,1,1
2015,Michigan,MI,8809,MI6243800,Grant,878,7,"Cities under 2,500",1,12,1,12,0,1,1
2015,Michigan,MI,8591,MI3843900,Grass Lake,1167,7,"Cities under 2,500",0,0,0,0,1,1,1
2015,Michigan,MI,8508,MI2912900,Gratiot,23793,8C,"Non-MSA counties from 10,000 thru 24,999",1,12,1,12,0,1,1
2015,Michigan,MI,8430,MI2044000,Grayling,1827,7,"Cities under 2,500",1,12,1,12,0,1,1
2015,Michigan,MI,8689,MI4766900,Green Oak,0,7,"Cities under 2,500",0,0,0,0,1,1,1
2015,Michigan,MI,8690,MI4786500,Green Oak Township,18432,5,"Cities from 10,000 thru 24,999",1,12,1,12,0,1,1
2015,Michigan,MI,8780,MI5944200,Greenville,8423,6,"Cities from 2,500 thru 9,999",1,12,1,12,0,1,1
2015,Michigan,MI,9054,MI8244500,Grosse Ile Township,10140,5,"Cities from 10,000 thru 24,999",1,12,1,12,0,1,1
2015,Michigan,MI,9055,MI8244600,Grosse Pointe,5226,6,"Cities from 2,500 thru 9,999",1,12,1,12,0,1,1
2015,Michigan,MI,9056,MI8244700,Grosse Pointe Farms,9242,6,"Cities from 2,500 thru 9,999",1,12,1,12,0,1,1
2015,Michigan,MI,9057,MI8244800,Grosse Pointe Park,11229,5,"Cities from 10,000 thru 24,999",1,12,1,12,0,1,1
2015,Michigan,MI,9058,MI8244900,Grosse Pointe Shores,2932,6,"Cities from 2,500 thru 9,999",1,12,1,12,0,1,1
2015,Michigan,MI,9059,MI8245000,Grosse Pointe Woods,15773,5,"Cities from 10,000 thru 24,999",1,12,1,12,0,1,1
2015,Michigan,MI,23114,MIDI03000,Gun Lake Tribal,0,7,"Cities under 2,500",1,12,0,0,0,1,0
2015,Michigan,MI,8686,MI4745100,Hamburg Township,21825,5,"Cities from 10,000 thru 24,999",1,12,1,12,0,1,1
2015,Michigan,MI,8339,MI0991500,Hampton Township,9457,6,"Cities from 2,500 thru 9,999",1,12,1,12,0,1,1
2015,Michigan,MI,9060,MI8245300,Hamtramck,22030,5,"Cities from 10,000 thru 24,999",1,12,1,12,0,1,1
2015,Michigan,MI,8527,MI3145400,Hancock,4565,6,"Cities from 2,500 thru 9,999",1,12,1,12,0,1,1
2015,Michigan,MI,8753,MI5596800,Hannahville Tribal,0,7,"Cities under 2,500",1,12,0,0,0,1,0
2015,Michigan,MI,8592,MI3845500,Hanover,431,7,"Cities under 2,500",0,0,0,0,1,1,1
2015,Michigan,MI,8602,MI3891100,Hanover Township,3266,6,"Cities from 2,500 thru 9,999",0,0,0,0,1,1,1
2015,Michigan,MI,8540,MI3245600,Harbor Beach,1630,7,"Cities under 2,500",1,12,1,12,0,1,1
2015,Michigan,MI,8456,MI2445700,Harbor Springs,1208,7,"Cities under 2,500",1,12,1,12,0,1,1
2015,Michigan,MI,9061,MI8245800,Harper Woods,13833,5,"Cities from 10,000 thru 24,999",1,12,1,12,0,1,1
2015,Michigan,MI,8416,MI1846000,Harrison,2156,7,"Cities under 2,500",0,0,0,0,1,1,1
2015,Michigan,MI,8288,MI0146100,Harrisville,470,7,"Cities under 2,500",0,0,0,0,1,1,1
2015,Michigan,MI,8866,MI6446200,Hart,2103,7,"Cities under 2,500",1,12,1,12,0,1,1
2015,Michigan,MI,9020,MI8046300,Hartford,2616,6,"Cities from 2,500 thru 9,999",1,12,1,12,0,1,1
2015,Michigan,MI,8327,MI0846400,Hastings,7294,6,"Cities from 2,500 thru 9,999",1,12,1,12,0,1,1
2015,Michigan,MI,8828,MI6346500,Hazel Park,16655,5,"Cities from 10,000 thru 24,999",1,12,1,12,0,1,1
2015,Michigan,MI,8593,MI3846800,Henrietta Township,4689,6,"Cities from 2,500 thru 9,999",0,0,0,0,1,1,1
2015,Michigan,MI,8867,MI6446900,Hesperia,934,7,"Cities under 2,500",0,0,0,0,0,0,0
2015,Michigan,MI,9062,MI8247100,Highland Park,10074,5,"Cities from 10,000 thru 24,999",1,12,1,12,0,1,1
2015,Michigan,MI,25663,MI631840X,Highland Township,19856,5,"Cities from 10,000 thru 24,999",1,12,1,12,0,1,1
2015,Michigan,MI,8790,MI6047200,Hillman,665,7,"Cities under 2,500",0,0,0,0,1,1,1
2015,Michigan,MI,8514,MI3013000,Hillsdale,28383,8B,"Non-MSA counties from 25,000 thru 99,999",1,12,1,12,0,1,1
2015,Michigan,MI,8515,MI3047300,Hillsdale,8116,6,"Cities from 2,500 thru 9,999",1,12,1,12,0,1,1
2015,Michigan,MI,8874,MI6547200,Hill Township,1311,7,"Cities under 2,500",0,0,0,0,1,1,1
2015,Michigan,MI,8898,MI7047400,Holland,33794,4,"Cities from 25,000 thru 49,999",1,12,1,12,0,1,1
2015,Michigan,MI,8829,MI6347500,Holly,6222,6,"Cities from 2,500 thru 9,999",1,12,1,12,0,1,1
2015,Michigan,MI,8383,MI1347600,Homer,1634,7,"Cities under 2,500",0,0,0,0,1,1,1
2015,Michigan,MI,8778,MI5937100,Home Township,1346,7,"Cities under 2,500",0,0,0,0,0,0,0
2015,Michigan,MI,8345,MI1047700,Honor,326,7,"Cities under 2,500",0,0,0,0,1,1,1
2015,Michigan,MI,8903,MI7094900,Hope College,0,7,"Cities under 2,500",0,0,0,0,1,1,1
2015,Michigan,MI,8298,MI0347800,Hopkins,609,7,"Cities under 2,500",1,12,1,12,0,1,1
2015,Michigan,MI,8528,MI3148000,Houghton,7985,6,"Cities from 2,500 thru 9,999",1,12,1,12,0,1,1
2015,Michigan,MI,8523,MI3113100,Houghton,20265,8C,"Non-MSA counties from 10,000 thru 24,999",1,12,1,12,0,1,1
2015,Michigan,MI,8781,MI5948100,Howard City,1784,7,"Cities under 2,500",0,0,0,0,1,1,1
2015,Michigan,MI,8394,MI1485800,Howard Township,6138,6,"Cities from 2,500 thru 9,999",0,0,0,0,1,1,1
2015,Michigan,MI,8687,MI4748200,Howell,9629,6,"Cities from 2,500 thru 9,999",1,12,1,12,0,1,1
2015,Michigan,MI,8675,MI4648500,Hudson,2248,7,"Cities under 2,500",1,12,1,12,0,1,1
2015,Michigan,MI,8899,MI7048600,Hudsonville,7375,6,"Cities from 2,500 thru 9,999",0,0,0,0,1,1,1
2015,Michigan,MI,8830,MI6348700,Huntington Woods,6386,6,"Cities from 2,500 thru 9,999",1,12,1,12,0,1,1
2015,Michigan,MI,8534,MI3213200,Huron,19630,8C,"Non-MSA counties from 10,000 thru 24,999",1,12,1,12,0,1,1
2015,Michigan,MI,9039,MI8186600,Huron-Clinton Metropolitan Authority: Hudson Mills Metropark,0,7,"Cities under 2,500",0,11,0,11,0,0,0
2015,Michigan,MI,8832,MI6350400,Huron-Clinton Metropolitan Authority: Kensington Metropark,0,7,"Cities under 2,500",1,12,1,12,0,1,1
2015,Michigan,MI,9083,MI8284400,Huron-Clinton Metropolitan Authority: Lower Huron Metropark,0,7,"Cities under 2,500",1,12,1,12,0,1,1
2015,Michigan,MI,8720,MI5091800,Huron-Clinton Metropolitan Authority: Stony Creek Metropark,0,7,"Cities under 2,500",0,11,0,11,0,0,0
2015,Michigan,MI,9084,MI8286200,Huron Township,15635,5,"Cities from 10,000 thru 24,999",0,11,0,11,0,0,0
2015,Michigan,MI,8653,MI4448800,Imlay City,3569,6,"Cities from 2,500 thru 9,999",1,12,1,12,0,1,1
2015,Michigan,MI,8821,MI6331400,Independence Township,0,7,"Cities under 2,500",0,0,0,0,1,1,1
2015,Michigan,MI,25612,MI631850X,Independence Township,36520,4,"Cities from 25,000 thru 49,999",1,12,1,12,0,1,1
2015,Michigan,MI,8549,MI3313300,Ingham,63268,9B,"MSA counties from 25,000 thru 99,999",1,12,1,12,0,1,1
2015,Michigan,MI,9063,MI8249000,Inkster,24657,5,"Cities from 10,000 thru 24,999",1,12,1,12,0,1,1
2015,Michigan,MI,8565,MI3449100,Ionia,11454,5,"Cities from 10,000 thru 24,999",1,12,1,12,0,1,1
2015,Michigan,MI,8563,MI3413400,Ionia,41219,8B,"Non-MSA counties from 25,000 thru 99,999",1,12,1,12,0,1,1
2015,Michigan,MI,8569,MI3513500,Iosco,13942,8C,"Non-MSA counties from 10,000 thru 24,999",1,12,1,12,0,1,1
2015,Michigan,MI,8956,MI7487500,Ira Township,4976,6,"Cities from 2,500 thru 9,999",0,0,0,0,1,1,1
2015,Michigan,MI,8574,MI3613600,Iron,5799,8D,"Non-MSA counties under 10,000",1,12,1,12,0,1,1
2015,Michigan,MI,8439,MI2249200,Iron Mountain,7538,6,"Cities from 2,500 thru 9,999",0,0,0,0,0,0,0
2015,Michigan,MI,8579,MI3649300,Iron River,2888,6,"Cities from 2,500 thru 9,999",1,12,1,12,0,1,1
2015,Michigan,MI,8499,MI2749400,Ironwood,5047,6,"Cities from 2,500 thru 9,999",1,12,1,12,0,1,1
2015,Michigan,MI,8582,MI3713700,Isabella,43202,8B,"Non-MSA counties from 25,000 thru 99,999",1,12,1,12,0,1,1
2015,Michigan,MI,8728,MI5249500,Ishpeming,6547,6,"Cities from 2,500 thru 9,999",1,12,1,12,0,1,1
2015,Michigan,MI,8736,MI5290500,Ishpeming Township,3562,6,"Cities from 2,500 thru 9,999",1,12,1,12,0,1,1
2015,Michigan,MI,8511,MI2949600,Ithaca,2835,6,"Cities from 2,500 thru 9,999",0,0,0,0,1,1,1
2015,Michigan,MI,8594,MI3849700,Jackson,33126,4,"Cities from 25,000 thru 49,999",1,12,1,12,0,1,1
2015,Michigan,MI,8587,MI3813800,Jackson,63278,9B,"MSA counties from 25,000 thru 99,999",1,12,1,12,0,1,1
2015,Michigan,MI,8516,MI3049800,Jonesville,2208,7,"Cities under 2,500",1,12,1,12,0,1,1
2015,Michigan,MI,8606,MI3913900,Kalamazoo,103385,9A,"MSA counties 100,000 or over",1,12,1,12,0,1,1
2015,Michigan,MI,8610,MI3949900,Kalamazoo,76325,3,"Cities from 50,000 thru 99,000",1,12,1,12,0,1,1
2015,Michigan,MI,8619,MI3992400,Kalamazoo Airport,0,7,"Cities under 2,500",0,0,0,0,1,1,1
2015,Michigan,MI,8611,MI3950000,Kalamazoo Township,24473,5,"Cities from 10,000 thru 24,999",1,12,1,12,0,1,1
2015,Michigan,MI,23090,MI3952500,Kalamazoo Valley Community College,0,7,"Cities under 2,500",1,12,1,12,0,1,1
2015,Michigan,MI,8623,MI4050200,Kalkaska,2062,7,"Cities under 2,500",1,12,1,12,0,1,1
2015,Michigan,MI,8622,MI4014000,Kalkaska,14585,8C,"Non-MSA counties from 10,000 thru 24,999",1,12,1,12,0,1,1
2015,Michigan,MI,8831,MI6350300,Keego Harbor,3040,6,"Cities from 2,500 thru 9,999",1,12,1,12,0,1,1
2015,Michigan,MI,9027,MI8093700,Keeler Township,2177,7,"Cities under 2,500",0,0,0,0,1,1,1
2015,Michigan,MI,23140,MI1380100,Kellogg Community College,0,7,"Cities under 2,500",0,0,0,0,0,0,0
2015,Michigan,MI,8626,MI4114100,Kent,247192,9A,"MSA counties 100,000 or over",1,12,1,12,0,1,1
2015,Michigan,MI,8639,MI4185000,Kentwood,51287,3,"Cities from 50,000 thru 99,000",1,12,1,12,0,1,1
2015,Michigan,MI,8641,MI4214200,Keweenaw,2237,8D,"Non-MSA counties under 10,000",1,12,1,12,0,1,1
2015,Michigan,MI,9098,MIDI05000,Keweenaw Bay Tribal,0,7,"Cities under 2,500",1,12,0,0,0,1,0
2015,Michigan,MI,8541,MI3250600,Kinde,432,7,"Cities under 2,500",1,12,1,12,0,1,1
2015,Michigan,MI,8440,MI2250700,Kingsford,5093,6,"Cities from 2,500 thru 9,999",1,12,1,12,0,1,1
2015,Michigan,MI,9005,MI7950900,Kingston,429,7,"Cities under 2,500",0,0,0,0,1,1,1
2015,Michigan,MI,8409,MI1750800,Kinross Township,7571,6,"Cities from 2,500 thru 9,999",1,12,1,12,0,1,1
2015,Michigan,MI,8913,MI7250500,Kirtland Community College,0,7,"Cities under 2,500",1,12,1,12,0,1,1
2015,Michigan,MI,8503,MI2796700,Lac Vieux Desert Tribal,0,7,"Cities under 2,500",1,12,0,0,0,1,0
2015,Michigan,MI,8990,MI7851000,Laingsburg,1274,7,"Cities under 2,500",1,12,1,12,0,1,1
2015,Michigan,MI,8644,MI4314300,Lake,11306,8C,"Non-MSA counties from 10,000 thru 24,999",1,12,1,12,0,1,1
2015,Michigan,MI,8833,MI6351100,Lake Angelus,299,7,"Cities under 2,500",1,12,1,12,0,1,1
2015,Michigan,MI,8762,MI5751300,Lake City,854,7,"Cities under 2,500",0,0,0,0,1,1,1
2015,Michigan,MI,8529,MI3151400,Lake Linden,990,7,"Cities under 2,500",1,12,1,12,0,1,1
2015,Michigan,MI,8566,MI3451500,Lake Odessa,2033,7,"Cities under 2,500",1,12,1,12,0,1,1
2015,Michigan,MI,8834,MI6351600,Lake Orion,3071,6,"Cities from 2,500 thru 9,999",1,12,1,12,0,1,1
2015,Michigan,MI,8782,MI5951700,Lakeview,1009,7,"Cities under 2,500",0,0,0,0,0,0,0
2015,Michigan,MI,8805,MI6185400,Lakewood Club,1288,7,"Cities under 2,500",0,0,0,0,1,1,1
2015,Michigan,MI,8322,MI0751800,L'Anse,1939,7,"Cities under 2,500",0,0,0,0,0,0,0
2015,Michigan,MI,8551,MI3351900,Lansing,114694,2,"Cities from 100,000 thru 249,000",1,12,1,12,0,1,1
2015,Michigan,MI,8560,MI3388600,Lansing Community College,0,7,"Cities under 2,500",1,12,1,12,0,1,1
2015,Michigan,MI,8558,MI3384300,Lansing Township,8109,6,"Cities from 2,500 thru 9,999",1,12,1,12,0,1,1
2015,Michigan,MI,8648,MI4414400,Lapeer,58078,9B,"MSA counties from 25,000 thru 99,999",1,12,1,12,0,1,1
2015,Michigan,MI,8654,MI4452000,Lapeer,8747,6,"Cities from 2,500 thru 9,999",1,12,1,12,0,1,1
2015,Michigan,MI,8658,MI4487600,Lapeer Township,5054,6,"Cities from 2,500 thru 9,999",1,12,1,12,0,1,1
2015,Michigan,MI,8835,MI6352100,Lathrup Village,4165,6,"Cities from 2,500 thru 9,999",1,12,1,12,0,1,1
2015,Michigan,MI,8530,MI3152200,Laurium,1945,7,"Cities under 2,500",1,12,1,12,0,1,1
2015,Michigan,MI,9021,MI8052300,Lawrence,984,7,"Cities under 2,500",0,0,0,0,1,1,1
2015,Michigan,MI,9022,MI8052400,Lawton,1864,7,"Cities under 2,500",1,12,1,12,0,1,1
2015,Michigan,MI,8661,MI4514500,Leelanau,21780,8C,"Non-MSA counties from 10,000 thru 24,999",1,12,1,12,0,1,1
2015,Michigan,MI,8667,MI4614600,Lenawee,31713,8B,"Non-MSA counties from 25,000 thru 99,999",1,12,1,12,0,1,1
2015,Michigan,MI,8991,MI7852600,Lennon,500,7,"Cities under 2,500",1,12,1,12,0,1,1
2015,Michigan,MI,8836,MI6352500,Leonard-Addison Township,0,7,"Cities under 2,500",0,0,0,0,1,1,1
2015,Michigan,MI,8595,MI3852700,Leoni Township,13739,5,"Cities from 10,000 thru 24,999",0,0,0,0,1,1,1
2015,Michigan,MI,8884,MI6752700,Le Roy,252,7,"Cities under 2,500",0,0,0,0,1,1,1
2015,Michigan,MI,8552,MI3352800,Leslie,1858,7,"Cities under 2,500",1,12,1,12,0,1,1
2015,Michigan,MI,8973,MI7653000,Lexington,1120,7,"Cities under 2,500",0,0,0,0,0,0,0
2015,Michigan,MI,8289,MI0153300,Lincoln,320,7,"Cities under 2,500",0,0,0,0,1,1,1
2015,Michigan,MI,9064,MI8253400,Lincoln Park,37027,4,"Cities from 25,000 thru 49,999",1,12,1,12,0,1,1
2015,Michigan,MI,8362,MI1176600,Lincoln Township,14527,5,"Cities from 10,000 thru 24,999",1,12,1,12,0,1,1
2015,Michigan,MI,8476,MI2553500,Linden,3830,6,"Cities from 2,500 thru 9,999",1,12,1,12,0,1,1
2015,Michigan,MI,8517,MI3053600,Litchfield,1340,7,"Cities under 2,500",1,12,1,12,0,1,1
2015,Michigan,MI,9103,MIDI06000,Little River Band of Ottawa Indians,0,7,"Cities under 2,500",1,12,1,12,0,1,1
2015,Michigan,MI,9102,MIDI05500,Little Traverse Bay Bands of Odawa Indians,0,7,"Cities under 2,500",1,12,0,0,0,1,0
2015,Michigan,MI,8683,MI4714700,Livingston,120294,9A,"MSA counties 100,000 or over",1,12,1,12,0,1,1
2015,Michigan,MI,9065,MI8253800,Livonia,94521,3,"Cities from 50,000 thru 99,000",1,12,1,12,0,1,1
2015,Michigan,MI,8633,MI4153900,Lowell,3917,6,"Cities from 2,500 thru 9,999",1,12,1,12,0,1,1
2015,Michigan,MI,8693,MI4814800,Luce,6386,8D,"Non-MSA counties under 10,000",1,12,1,12,0,1,1
2015,Michigan,MI,8742,MI5354000,Ludington,8078,6,"Cities from 2,500 thru 9,999",0,10,0,10,0,0,0
2015,Michigan,MI,8770,MI5854100,Luna Pier,1385,7,"Cities under 2,500",1,12,1,12,0,1,1
2015,Michigan,MI,8646,MI4354300,Luther,312,7,"Cities under 2,500",0,0,0,0,1,1,1
2015,Michigan,MI,25597,MI631860X,Lyon Township,17945,5,"Cities from 10,000 thru 24,999",1,12,1,12,0,1,1
2015,Michigan,MI,8914,MI7254200,Lyon Township,1343,7,"Cities under 2,500",0,0,0,0,1,1,1
2015,Michigan,MI,8696,MI4914900,Mackinac,8127,8D,"Non-MSA counties under 10,000",1,12,1,12,0,1,1
2015,Michigan,MI,8697,MI4954500,Mackinac Island,489,7,"Cities under 2,500",1,12,1,12,0,1,1
2015,Michigan,MI,8404,MI1654600,Mackinaw City,809,7,"Cities under 2,500",1,12,1,12,0,1,1
2015,Michigan,MI,8700,MI5015000,Macomb,182933,9A,"MSA counties 100,000 or over",1,12,1,12,0,1,1
2015,Michigan,MI,8719,MI5091200,Macomb Community College,0,7,"Cities under 2,500",1,12,1,12,0,1,1
2015,Michigan,MI,8837,MI6354700,Madison Heights,30409,4,"Cities from 25,000 thru 49,999",1,12,1,12,0,1,1
2015,Michigan,MI,8681,MI4693500,Madison Township,8500,6,"Cities from 2,500 thru 9,999",1,12,1,12,0,1,1
2015,Michigan,MI,8314,MI0554800,Mancelona,1368,7,"Cities under 2,500",1,12,1,12,0,1,1
2015,Michigan,MI,9034,MI8154900,Manchester,2181,7,"Cities under 2,500",0,0,0,0,1,1,1
2015,Michigan,MI,9035,MI8156500,Manchester Township,2606,6,"Cities from 2,500 thru 9,999",0,0,0,0,1,1,1
2015,Michigan,MI,8722,MI5115100,Manistee,18326,8C,"Non-MSA counties from 10,000 thru 24,999",1,12,1,12,0,1,1
2015,Michigan,MI,8724,MI5155000,Manistee,6069,6,"Cities from 2,500 thru 9,999",1,12,1,12,0,1,1
2015,Michigan,MI,8982,MI7755100,Manistique,2956,6,"Cities from 2,500 thru 9,999",1,12,1,12,0,1,1
2015,Michigan,MI,9095,MI8356900,Manton,1354,7,"Cities under 2,500",0,0,0,0,0,0,0
2015,Michigan,MI,8423,MI1955300,Maple Rapids,686,7,"Cities under 2,500",0,0,0,0,1,1,1
2015,Michigan,MI,8392,MI1455400,Marcellus,1155,7,"Cities under 2,500",0,0,0,0,1,1,1
2015,Michigan,MI,8500,MI2755500,Marenisco Township,1706,7,"Cities under 2,500",1,12,1,12,0,1,1
2015,Michigan,MI,8948,MI7455600,Marine City,4147,6,"Cities from 2,500 thru 9,999",1,12,1,12,0,1,1
2015,Michigan,MI,8885,MI6755700,Marion,851,7,"Cities under 2,500",0,0,0,0,1,1,1
2015,Michigan,MI,8974,MI7655800,Marlette,1791,7,"Cities under 2,500",1,12,1,12,0,1,1
2015,Michigan,MI,8729,MI5255900,Marquette,21460,5,"Cities from 10,000 thru 24,999",1,12,1,12,0,1,1
2015,Michigan,MI,8726,MI5215200,Marquette,19393,8C,"Non-MSA counties from 10,000 thru 24,999",1,12,1,12,0,1,1
2015,Michigan,MI,8739,MI5292100,Marquette County Airport,0,7,"Cities under 2,500",0,0,0,0,1,1,1
2015,Michigan,MI,8734,MI5286100,Marquette Township,3970,6,"Cities from 2,500 thru 9,999",0,0,0,0,1,1,1
2015,Michigan,MI,8384,MI1356000,Marshall,7024,6,"Cities from 2,500 thru 9,999",1,12,1,12,0,1,1
2015,Michigan,MI,8304,MI0393600,Martin,418,7,"Cities under 2,500",0,0,0,0,1,1,1
2015,Michigan,MI,8299,MI0356100,Martin Township,2256,7,"Cities under 2,500",0,0,0,0,1,1,1
2015,Michigan,MI,8949,MI7456200,Marysville,9758,6,"Cities from 2,500 thru 9,999",1,12,1,12,0,1,1
2015,Michigan,MI,8741,MI5315300,Mason,19561,8C,"Non-MSA counties from 10,000 thru 24,999",1,12,1,12,0,1,1
2015,Michigan,MI,8553,MI3356300,Mason,8335,6,"Cities from 2,500 thru 9,999",1,12,1,12,0,1,1
2015,Michigan,MI,9023,MI8056400,Mattawan,1946,7,"Cities under 2,500",1,12,1,12,0,1,1
2015,Michigan,MI,9006,MI7956600,Mayville,919,7,"Cities under 2,500",0,11,0,11,0,0,0
2015,Michigan,MI,8745,MI5415400,Mecosta,32487,8B,"Non-MSA counties from 25,000 thru 99,999",1,12,1,12,0,1,1
2015,Michigan,MI,8975,MI7657100,Melvin,174,7,"Cities under 2,500",0,0,0,0,1,1,1
2015,Michigan,MI,9066,MI8257200,Melvindale,10379,5,"Cities from 10,000 thru 24,999",1,12,1,12,0,1,1
2015,Michigan,MI,8950,MI7457300,Memphis,1185,7,"Cities under 2,500",0,0,0,0,0,0,0
2015,Michigan,MI,8966,MI7591900,Mendon,858,7,"Cities under 2,500",0,0,0,0,0,0,0
2015,Michigan,MI,8750,MI5515500,Menominee,15229,8C,"Non-MSA counties from 10,000 thru 24,999",1,12,1,12,0,1,1
2015,Michigan,MI,8751,MI5557500,Menominee,8429,6,"Cities from 2,500 thru 9,999",1,12,1,12,0,1,1
2015,Michigan,MI,8561,MI3392600,Meridian Township,42304,4,"Cities from 25,000 thru 49,999",1,12,1,12,0,1,1
2015,Michigan,MI,8927,MI7357600,Merrill,750,7,"Cities under 2,500",0,0,0,0,1,1,1
2015,Michigan,MI,9096,MI8357400,Mesick,398,7,"Cities under 2,500",0,0,0,0,1,1,1
2015,Michigan,MI,8655,MI4457800,Metamora Township,4233,6,"Cities from 2,500 thru 9,999",1,12,1,12,0,1,1
2015,Michigan,MI,8705,MI5057700,Metro Beach Metropark,0,7,"Cities under 2,500",0,0,0,0,1,0,0
2015,Michigan,MI,8358,MI1157900,Michiana,183,7,"Cities under 2,500",1,12,1,12,0,1,1
2015,Michigan,MI,8547,MI3300100,Michigan State Police,0,8D,"Non-MSA counties under 10,000",0,0,0,0,0,0,0
2015,Michigan,MI,8554,MI3358100,Michigan State University,0,7,"Cities under 2,500",1,12,1,12,0,1,1
2015,Michigan,MI,8532,MI3188500,Michigan Technological University,0,7,"Cities under 2,500",1,12,1,12,0,1,1
2015,Michigan,MI,8328,MI0858200,Middleville,3313,6,"Cities from 2,500 thru 9,999",0,0,0,0,1,1,1
2015,Michigan,MI,8757,MI5658300,Midland,41975,4,"Cities from 25,000 thru 49,999",1,12,1,12,0,1,1
2015,Michigan,MI,8755,MI5615600,Midland,40369,9B,"MSA counties from 25,000 thru 99,999",1,12,1,12,0,1,1
2015,Michigan,MI,8759,MI5690900,Midland Township,2251,7,"Cities under 2,500",0,0,0,0,1,1,1
2015,Michigan,MI,9036,MI8158400,Milan,5978,6,"Cities from 2,500 thru 9,999",1,12,1,12,0,1,1
2015,Michigan,MI,8838,MI6358500,Milford,16676,5,"Cities from 10,000 thru 24,999",1,12,1,12,0,1,1
2015,Michigan,MI,8906,MI7158600,Millersburg,200,7,"Cities under 2,500",0,0,0,0,1,1,1
2015,Michigan,MI,9007,MI7958700,Millington,1036,7,"Cities under 2,500",0,0,0,0,0,0,0
2015,Michigan,MI,8875,MI6558600,Mills Township,4125,6,"Cities from 2,500 thru 9,999",0,0,0,0,1,1,1
2015,Michigan,MI,8976,MI7658800,Minden City,190,7,"Cities under 2,500",0,0,0,0,1,1,1
2015,Michigan,MI,8761,MI5715700,Missaukee,15098,8C,"Non-MSA counties from 10,000 thru 24,999",1,12,1,12,0,1,1
2015,Michigan,MI,8771,MI5859000,Monroe,20074,5,"Cities from 10,000 thru 24,999",1,12,1,12,0,1,1
2015,Michigan,MI,8765,MI5815800,Monroe,113522,9A,"MSA counties 100,000 or over",1,12,1,12,0,1,1
2015,Michigan,MI,8797,MI6159100,Montague,2356,7,"Cities under 2,500",1,12,1,12,0,1,1
2015,Michigan,MI,8775,MI5915900,Montcalm,49543,9B,"MSA counties from 25,000 thru 99,999",1,12,1,12,0,1,1
2015,Michigan,MI,8788,MI6016000,Montmorency,9188,8D,"Non-MSA counties under 10,000",1,12,1,12,0,1,1
2015,Michigan,MI,8477,MI2559300,Montrose,1586,7,"Cities under 2,500",0,0,0,0,1,1,1
2015,Michigan,MI,8489,MI2589900,Montrose Township,7572,6,"Cities from 2,500 thru 9,999",1,12,1,12,0,1,1
2015,Michigan,MI,8676,MI4659400,Morenci,2196,7,"Cities under 2,500",1,12,1,12,0,1,1
2015,Michigan,MI,8992,MI7859600,Morrice,896,7,"Cities under 2,500",1,12,1,12,0,1,1
2015,Michigan,MI,8491,MI2595000,Mott Community College,0,7,"Cities under 2,500",1,12,1,12,0,1,1
2015,Michigan,MI,8706,MI5059700,Mount Clemens,16433,5,"Cities from 10,000 thru 24,999",0,0,0,0,1,1,1
2015,Michigan,MI,8478,MI2559800,Mount Morris,2962,6,"Cities from 2,500 thru 9,999",1,12,1,12,0,1,1
2015,Michigan,MI,8484,MI2584500,Mount Morris Township,20635,5,"Cities from 10,000 thru 24,999",1,12,1,12,0,1,1
2015,Michigan,MI,8583,MI3759900,Mount Pleasant,25959,4,"Cities from 25,000 thru 49,999",1,12,1,12,0,1,1
2015,Michigan,MI,8449,MI2360100,Mulliken,558,7,"Cities under 2,500",0,0,0,0,1,1,1
2015,Michigan,MI,8479,MI2560100,Mundy Township,14630,5,"Cities from 10,000 thru 24,999",1,12,1,12,0,1,1
2015,Michigan,MI,8292,MI0260200,Munising,2301,7,"Cities under 2,500",1,12,1,12,0,1,1
2015,Michigan,MI,8792,MI6116100,Muskegon,67665,9B,"MSA counties from 25,000 thru 99,999",1,12,1,12,0,1,1
2015,Michigan,MI,8798,MI6160300,Muskegon,38442,4,"Cities from 25,000 thru 49,999",1,12,1,12,0,1,1
2015,Michigan,MI,8806,MI6192300,Muskegon County Airport,0,7,"Cities under 2,500",0,0,0,0,1,1,1
2015,Michigan,MI,8799,MI6160400,Muskegon Heights,10787,5,"Cities from 10,000 thru 24,999",1,12,1,12,0,1,1
2015,Michigan,MI,8800,MI6160500,Muskegon Township,17762,5,"Cities from 10,000 thru 24,999",1,12,1,12,0,1,1
2015,Michigan,MI,8596,MI3860600,Napoleon Township,6762,6,"Cities from 2,500 thru 9,999",1,12,1,12,0,1,1
2015,Michigan,MI,8329,MI0860700,Nashville,1634,7,"Cities under 2,500",1,12,1,12,0,1,1
2015,Michigan,MI,8730,MI5260900,Negaunee,4628,6,"Cities from 2,500 thru 9,999",1,12,1,12,0,1,1
2015,Michigan,MI,8738,MI5291400,Negaunee Township,3134,6,"Cities from 2,500 thru 9,999",0,0,0,0,1,1,1
2015,Michigan,MI,8810,MI6261600,Newaygo,1951,7,"Cities under 2,500",1,12,1,12,0,1,1
2015,Michigan,MI,8808,MI6216200,Newaygo,39229,8B,"Non-MSA counties from 25,000 thru 99,999",1,12,1,12,0,1,1
2015,Michigan,MI,8707,MI5061000,New Baltimore,12317,5,"Cities from 10,000 thru 24,999",1,12,1,12,0,1,1
2015,Michigan,MI,8694,MI4861700,Newberry,1446,7,"Cities under 2,500",0,0,0,0,1,1,1
2015,Michigan,MI,8359,MI1161100,New Buffalo,1877,7,"Cities under 2,500",1,12,1,12,0,1,1
2015,Michigan,MI,8868,MI6461200,New Era,445,7,"Cities under 2,500",0,9,0,9,0,0,0
2015,Michigan,MI,8708,MI5061300,New Haven,4723,6,"Cities from 2,500 thru 9,999",0,0,0,0,1,1,1
2015,Michigan,MI,8993,MI7861400,New Lothrop,560,7,"Cities under 2,500",1,12,1,12,0,1,1
2015,Michigan,MI,8360,MI1161900,Niles,11352,5,"Cities from 10,000 thru 24,999",1,12,1,12,0,1,1
2015,Michigan,MI,8365,MI1184600,Niles Township,13906,5,"Cities from 10,000 thru 24,999",0,0,0,0,1,1,1
2015,Michigan,MI,8656,MI4462100,North Branch,1027,7,"Cities under 2,500",0,7,0,7,0,0,0
2015,Michigan,MI,8731,MI5262300,Northern Michigan University,0,7,"Cities under 2,500",1,12,1,12,0,1,1
2015,Michigan,MI,9042,MI8196400,Northfield Township,8675,6,"Cities from 2,500 thru 9,999",1,12,1,12,0,1,1
2015,Michigan,MI,8801,MI6162200,North Muskegon,3775,6,"Cities from 2,500 thru 9,999",1,12,1,12,0,1,1
2015,Michigan,MI,8664,MI4585500,Northport,531,7,"Cities under 2,500",0,0,0,0,1,1,1
2015,Michigan,MI,9067,MI8262400,Northville,6026,6,"Cities from 2,500 thru 9,999",1,12,1,12,0,1,1
2015,Michigan,MI,9085,MI8286800,Northville Township,28897,4,"Cities from 25,000 thru 49,999",1,12,1,12,0,1,1
2015,Michigan,MI,8802,MI6162500,Norton Shores,24109,5,"Cities from 10,000 thru 24,999",1,12,1,12,0,1,1
2015,Michigan,MI,8603,MI3892200,Norvell Township,2961,6,"Cities from 2,500 thru 9,999",0,0,0,0,1,1,1
2015,Michigan,MI,8441,MI2262600,Norway,2810,6,"Cities from 2,500 thru 9,999",0,0,0,0,0,0,0
2015,Michigan,MI,9104,MIDI07000,Nottawaseppi Huron Band of Potawatomi,0,7,"Cities under 2,500",1,12,1,12,0,1,1
2015,Michigan,MI,8839,MI6362700,Novi,59233,3,"Cities from 50,000 thru 99,000",1,12,1,12,0,1,1
2015,Michigan,MI,8814,MI6316300,Oakland,21558,9C,"MSA counties from 10,000 thru 24,999",1,12,1,12,0,1,1
2015,Michigan,MI,8862,MI6392700,Oakland Community College,0,7,"Cities under 2,500",1,12,1,12,0,1,1
2015,Michigan,MI,8861,MI6392000,Oakland County Safety Police,0,7,"Cities under 2,500",0,0,0,0,1,1,1
2015,Michigan,MI,25634,MI631870X,Oakland Township,19357,5,"Cities from 10,000 thru 24,999",1,12,1,12,0,1,1
2015,Michigan,MI,8860,MI6388800,Oakland University,0,7,"Cities under 2,500",1,12,1,12,0,1,1
2015,Michigan,MI,8928,MI7362900,Oakley,278,7,"Cities under 2,500",0,0,0,0,1,1,1
2015,Michigan,MI,8942,MI7391300,Oakley-Brady,2225,7,"Cities under 2,500",0,0,0,0,1,1,1
2015,Michigan,MI,8840,MI6362800,Oak Park,29963,4,"Cities from 25,000 thru 49,999",1,12,1,12,0,1,1
2015,Michigan,MI,8864,MI6416400,Oceana,19720,8C,"Non-MSA counties from 10,000 thru 24,999",1,12,1,12,0,1,1
2015,Michigan,MI,8873,MI6516500,Ogemaw,18835,8C,"Non-MSA counties from 10,000 thru 24,999",1,12,1,12,0,1,1
2015,Michigan,MI,8450,MI2363000,Olivet,1613,7,"Cities under 2,500",1,12,1,12,0,1,1
2015,Michigan,MI,8907,MI7163200,Onaway,846,7,"Cities under 2,500",0,0,0,0,1,1,1
2015,Michigan,MI,8879,MI6616600,Ontonagon,6039,8D,"Non-MSA counties under 10,000",1,12,1,12,0,1,1
2015,Michigan,MI,8880,MI6663500,Ontonagon,1332,7,"Cities under 2,500",0,0,0,0,1,1,1
2015,Michigan,MI,8391,MI1437200,Ontwa Township-Edwardsburg,6482,6,"Cities from 2,500 thru 9,999",1,12,1,12,0,1,1
2015,Michigan,MI,8841,MI6363600,Orchard Lake,2422,7,"Cities under 2,500",1,12,1,12,0,1,1
2015,Michigan,MI,25638,MI631880X,Orion Township,34057,4,"Cities from 25,000 thru 49,999",1,12,1,12,0,1,1
2015,Michigan,MI,8882,MI6716700,Osceola,18832,8C,"Non-MSA counties from 10,000 thru 24,999",1,12,1,12,0,1,1
2015,Michigan,MI,8888,MI6816800,Oscoda,8316,8D,"Non-MSA counties under 10,000",1,12,1,12,0,1,1
2015,Michigan,MI,8571,MI3563900,Oscoda Township,6856,6,"Cities from 2,500 thru 9,999",1,12,1,12,0,1,1
2015,Michigan,MI,8480,MI2564000,Otisville,824,7,"Cities under 2,500",1,12,1,12,0,1,1
2015,Michigan,MI,8890,MI6916900,Otsego,20520,8C,"Non-MSA counties from 10,000 thru 24,999",1,12,1,12,0,1,1
2015,Michigan,MI,8300,MI0364100,Otsego,3992,6,"Cities from 2,500 thru 9,999",1,12,1,12,0,1,1
2015,Michigan,MI,8894,MI7017000,Ottawa,236062,9A,"MSA counties 100,000 or over",1,12,1,12,0,1,1
2015,Michigan,MI,8657,MI4464200,Otter Lake,387,7,"Cities under 2,500",0,0,0,0,1,1,1
2015,Michigan,MI,8424,MI1964300,Ovid,1628,7,"Cities under 2,500",1,12,1,12,0,1,1
2015,Michigan,MI,8542,MI3264400,Owendale,232,7,"Cities under 2,500",1,12,1,12,0,1,1
2015,Michigan,MI,8994,MI7864500,Owosso,14679,5,"Cities from 10,000 thru 24,999",1,12,1,12,0,1,1
2015,Michigan,MI,8843,MI6364600,Oxford,3562,6,"Cities from 2,500 thru 9,999",1,12,1,12,0,1,1
2015,Michigan,MI,25650,MI631890X,Oxford Township,17989,5,"Cities from 10,000 thru 24,999",1,12,1,12,0,1,1
2015,Michigan,MI,8612,MI3964700,Parchment,1855,7,"Cities under 2,500",0,0,0,0,1,1,1
2015,Michigan,MI,8597,MI3864900,Parma-Sandstone,6711,6,"Cities from 2,500 thru 9,999",0,0,0,0,1,1,1
2015,Michigan,MI,9024,MI8065100,Paw Paw,3454,6,"Cities from 2,500 thru 9,999",1,12,1,12,0,1,1
2015,Michigan,MI,8977,MI7665300,Peck,610,7,"Cities under 2,500",0,0,0,0,0,0,0
2015,Michigan,MI,8457,MI2465400,Pellston,835,7,"Cities under 2,500",0,0,0,0,1,1,1
2015,Michigan,MI,8385,MI1365500,Pennfield Township,8937,6,"Cities from 2,500 thru 9,999",0,0,0,0,1,1,1
2015,Michigan,MI,8869,MI6465600,Pentwater,847,7,"Cities under 2,500",0,9,0,9,0,0,0
2015,Michigan,MI,8995,MI7866000,Perry,2096,7,"Cities under 2,500",1,12,1,12,0,1,1
2015,Michigan,MI,8772,MI5866100,Petersburg,1125,7,"Cities under 2,500",0,0,0,0,1,1,1
2015,Michigan,MI,8458,MI2466200,Petoskey,5757,6,"Cities from 2,500 thru 9,999",1,12,1,12,0,1,1
2015,Michigan,MI,8784,MI5966500,Pierson,172,7,"Cities under 2,500",0,0,0,0,1,1,1
2015,Michigan,MI,8783,MI5966400,Pierson Township,3036,6,"Cities from 2,500 thru 9,999",0,0,0,0,1,1,1
2015,Michigan,MI,8543,MI3266600,Pigeon,1165,7,"Cities under 2,500",0,0,0,0,0,0,0
2015,Michigan,MI,8688,MI4766700,Pinckney,2502,6,"Cities from 2,500 thru 9,999",1,12,1,12,0,1,1
2015,Michigan,MI,8337,MI0966800,Pinconning,1271,7,"Cities under 2,500",1,12,1,12,0,1,1
2015,Michigan,MI,9041,MI8190600,Pittsfield Township,38255,4,"Cities from 25,000 thru 49,999",1,12,1,12,0,1,1
2015,Michigan,MI,8301,MI0367000,Plainwell,3829,6,"Cities from 2,500 thru 9,999",1,12,1,12,0,1,1
2015,Michigan,MI,8844,MI6367100,Pleasant Ridge,2574,6,"Cities from 2,500 thru 9,999",1,12,1,12,0,1,1
2015,Michigan,MI,9068,MI8267200,Plymouth,8889,6,"Cities from 2,500 thru 9,999",1,12,1,12,0,1,1
2015,Michigan,MI,9090,MI8296500,Plymouth Township,26933,4,"Cities from 25,000 thru 49,999",1,12,1,12,0,1,1
2015,Michigan,MI,9097,MIDI00900,Pokagon Tribal,0,7,"Cities under 2,500",1,12,0,0,0,1,0
2015,Michigan,MI,8845,MI6367300,Pontiac,0,7,"Cities under 2,500",0,0,0,0,1,1,1
2015,Michigan,MI,25583,MI631900X,Pontiac,59888,3,"Cities from 50,000 thru 99,000",1,12,1,12,0,1,1
2015,Michigan,MI,8613,MI3967800,Portage,48214,4,"Cities from 25,000 thru 49,999",1,12,1,12,0,1,1
2015,Michigan,MI,8544,MI3267400,Port Austin,639,7,"Cities under 2,500",1,12,1,12,0,1,1
2015,Michigan,MI,8951,MI7467600,Port Huron,28946,4,"Cities from 25,000 thru 49,999",1,12,1,12,0,1,1
2015,Michigan,MI,8567,MI3467900,Portland,3929,6,"Cities from 2,500 thru 9,999",0,0,0,0,0,0,0
2015,Michigan,MI,8978,MI7667700,Port Sanilac,602,7,"Cities under 2,500",0,0,0,0,0,0,0
2015,Michigan,MI,8908,MI7168000,Posen,227,7,"Cities under 2,500",0,0,0,0,1,1,1
2015,Michigan,MI,8451,MI2368100,Potterville,2615,6,"Cities from 2,500 thru 9,999",1,12,1,12,0,1,1
2015,Michigan,MI,8330,MI0868500,Prairieville Township,3413,6,"Cities from 2,500 thru 9,999",1,12,1,12,0,1,1
2015,Michigan,MI,8905,MI7117100,Presque Isle,10204,8C,"Non-MSA counties from 10,000 thru 24,999",1,12,1,12,0,1,1
2015,Michigan,MI,8373,MI1268800,Quincy,1633,7,"Cities under 2,500",1,12,1,12,0,1,1
2015,Michigan,MI,8677,MI4668900,Raisin Township,7574,6,"Cities from 2,500 thru 9,999",1,12,1,12,0,1,1
2015,Michigan,MI,8518,MI3069200,Reading,1051,7,"Cities under 2,500",1,12,1,12,0,1,1
2015,Michigan,MI,9069,MI8269300,Redford Township,47244,4,"Cities from 25,000 thru 49,999",1,12,1,12,0,1,1
2015,Michigan,MI,8886,MI6769400,Reed City,2397,7,"Cities under 2,500",1,12,1,12,0,1,1
2015,Michigan,MI,9008,MI7969500,Reese,1403,7,"Cities under 2,500",1,12,1,12,0,1,1
2015,Michigan,MI,8732,MI5269700,Republic Township,1075,7,"Cities under 2,500",0,0,0,0,1,1,1
2015,Michigan,MI,8488,MI2586900,"Richfield Township, Genesee County",8365,6,"Cities from 2,500 thru 9,999",1,12,1,12,0,1,1
2015,Michigan,MI,8916,MI7290100,"Richfield Township, Roscommon County",3637,6,"Cities from 2,500 thru 9,999",1,12,1,12,0,1,1
2015,Michigan,MI,8614,MI3969800,Richland,780,7,"Cities under 2,500",1,12,1,12,0,1,1
2015,Michigan,MI,8763,MI5756800,Richland Township,1517,7,"Cities under 2,500",0,0,0,0,1,1,1
2015,Michigan,MI,8925,MI7346600,"Richland Township, Saginaw County",4004,6,"Cities from 2,500 thru 9,999",1,12,1,12,0,1,1
2015,Michigan,MI,8709,MI5069900,Richmond,5848,6,"Cities from 2,500 thru 9,999",1,12,1,12,0,1,1
2015,Michigan,MI,8735,MI5288900,Richmond Township,899,7,"Cities under 2,500",0,0,0,0,1,1,1
2015,Michigan,MI,9070,MI8270000,River Rouge,7553,6,"Cities from 2,500 thru 9,999",1,12,1,12,0,1,1
2015,Michigan,MI,9071,MI8270100,Riverview,12164,5,"Cities from 10,000 thru 24,999",1,12,1,12,0,1,1
2015,Michigan,MI,8846,MI6370200,Rochester,13067,5,"Cities from 10,000 thru 24,999",1,12,1,12,0,1,1
2015,Michigan,MI,25594,MI631910X,Rochester Hills,73660,3,"Cities from 50,000 thru 99,000",1,12,1,12,0,1,1
2015,Michigan,MI,8634,MI4170400,Rockford,6143,6,"Cities from 2,500 thru 9,999",1,12,1,12,0,1,1
2015,Michigan,MI,9072,MI8270500,Rockwood,3200,6,"Cities from 2,500 thru 9,999",1,12,1,12,0,1,1
2015,Michigan,MI,8909,MI7170600,Rogers City,2731,6,"Cities from 2,500 thru 9,999",1,12,1,12,0,1,1
2015,Michigan,MI,8678,MI4670700,Rollin Township,3255,6,"Cities from 2,500 thru 9,999",0,0,0,0,1,1,1
2015,Michigan,MI,8710,MI5070800,Romeo,3636,6,"Cities from 2,500 thru 9,999",1,12,1,12,0,1,1
2015,Michigan,MI,9073,MI8270900,Romulus,23386,5,"Cities from 10,000 thru 24,999",1,12,1,12,0,1,1
2015,Michigan,MI,8803,MI6171000,Roosevelt Park,3816,6,"Cities from 2,500 thru 9,999",1,12,1,12,0,1,1
2015,Michigan,MI,8915,MI7271100,Roscommon,1063,7,"Cities under 2,500",0,0,0,0,1,1,1
2015,Michigan,MI,8911,MI7217200,Roscommon,11905,8C,"Non-MSA counties from 10,000 thru 24,999",1,12,1,12,0,1,1
2015,Michigan,MI,8917,MI7292500,Roscommon Township,4281,6,"Cities from 2,500 thru 9,999",0,0,0,0,1,1,1
2015,Michigan,MI,8876,MI6571200,Rose City,632,7,"Cities under 2,500",0,0,0,0,1,1,1
2015,Michigan,MI,8711,MI5071300,Roseville,47673,4,"Cities from 25,000 thru 49,999",1,12,1,12,0,1,1
2015,Michigan,MI,8617,MI3987800,Ross Township,3984,6,"Cities from 2,500 thru 9,999",0,0,0,0,1,1,1
2015,Michigan,MI,8871,MI6489600,Rothbury,423,7,"Cities under 2,500",1,12,1,12,0,1,1
2015,Michigan,MI,8847,MI6371400,Royal Oak,59535,3,"Cities from 50,000 thru 99,000",1,12,1,12,0,1,1
2015,Michigan,MI,8848,MI6371500,Royal Oak Township,2473,7,"Cities under 2,500",0,0,0,0,1,1,1
2015,Michigan,MI,8920,MI7317300,Saginaw,40624,9B,"MSA counties from 25,000 thru 99,999",1,12,1,12,0,1,1
2015,Michigan,MI,8929,MI7371700,Saginaw,49459,4,"Cities from 25,000 thru 49,999",1,12,1,12,0,1,1
2015,Michigan,MI,9100,MIDI05300,Saginaw Chippewa Tribal,0,7,"Cities under 2,500",1,12,0,0,0,1,0
2015,Michigan,MI,8930,MI7371800,Saginaw Township,39783,4,"Cities from 25,000 thru 49,999",1,12,1,12,0,1,1
2015,Michigan,MI,8931,MI7371900,Saginaw Valley State University,0,7,"Cities under 2,500",1,12,1,12,0,1,1
2015,Michigan,MI,9037,MI8172800,Saline,9246,6,"Cities from 2,500 thru 9,999",1,12,1,12,0,1,1
2015,Michigan,MI,8635,MI4172900,Sand Lake,523,7,"Cities under 2,500",1,12,1,12,0,1,1
2015,Michigan,MI,8979,MI7673000,Sandusky,2586,6,"Cities from 2,500 thru 9,999",1,12,1,12,0,1,1
2015,Michigan,MI,8758,MI5673100,Sanford,844,7,"Cities under 2,500",0,0,0,0,1,1,1
2015,Michigan,MI,8968,MI7617600,Sanilac,30946,8B,"Non-MSA counties from 25,000 thru 99,999",1,12,1,12,0,1,1
2015,Michigan,MI,8302,MI0373300,Saugatuck,966,7,"Cities under 2,500",0,0,0,0,1,1,1
2015,Michigan,MI,8296,MI0335300,Saugatuck-Douglas,2241,7,"Cities under 2,500",1,12,1,12,0,1,1
2015,Michigan,MI,8410,MI1773400,Sault Ste. Marie,13911,5,"Cities from 10,000 thru 24,999",1,12,1,12,0,1,1
2015,Michigan,MI,9099,MIDI05200,Sault Ste. Marie Tribal,0,7,"Cities under 2,500",1,12,0,0,0,1,0
2015,Michigan,MI,8615,MI3973600,Schoolcraft,1572,7,"Cities under 2,500",1,12,1,12,0,1,1
2015,Michigan,MI,8981,MI7717700,Schoolcraft,5144,8D,"Non-MSA counties under 10,000",0,1,0,1,0,0,0
2015,Michigan,MI,25348,MI8297400,Schoolcraft College,0,7,"Cities under 2,500",1,12,1,12,0,1,1
2015,Michigan,MI,8743,MI5373700,Scottville,1219,7,"Cities under 2,500",1,12,1,12,0,1,1
2015,Michigan,MI,8545,MI3273800,Sebewaing,1689,7,"Cities under 2,500",1,12,1,12,0,1,1
2015,Michigan,MI,8870,MI6473900,Shelby,2020,7,"Cities under 2,500",0,0,0,0,0,0,0
2015,Michigan,MI,8713,MI5074000,Shelby Township,77636,3,"Cities from 50,000 thru 99,000",1,12,1,12,0,1,1
2015,Michigan,MI,8584,MI3774100,Shepherd,1506,7,"Cities under 2,500",1,12,1,12,0,1,1
2015,Michigan,MI,8785,MI5974200,Sheridan,651,7,"Cities under 2,500",0,0,0,0,1,1,1
2015,Michigan,MI,8374,MI1274300,Sherwood Township,2054,7,"Cities under 2,500",0,0,0,0,1,1,1
2015,Michigan,MI,8984,MI7817800,Shiawassee,40037,8B,"Non-MSA counties from 25,000 thru 99,999",1,12,1,12,0,1,1
2015,Michigan,MI,8519,MI3074500,Somerset Township,4557,6,"Cities from 2,500 thru 9,999",1,12,1,12,0,1,1
2015,Michigan,MI,8850,MI6375100,Southfield,73319,3,"Cities from 50,000 thru 99,000",1,12,1,12,0,1,1
2015,Michigan,MI,9074,MI8275200,Southgate,29276,4,"Cities from 25,000 thru 49,999",1,12,1,12,0,1,1
2015,Michigan,MI,9025,MI8074700,South Haven,4356,6,"Cities from 2,500 thru 9,999",1,12,1,12,0,1,1
2015,Michigan,MI,8849,MI6374800,South Lyon,11808,5,"Cities from 10,000 thru 24,999",1,12,1,12,0,1,1
2015,Michigan,MI,8531,MI3174900,South Range,746,7,"Cities under 2,500",0,0,0,0,1,1,1
2015,Michigan,MI,8773,MI5875000,South Rockwood,1633,7,"Cities under 2,500",0,11,0,11,0,0,0
2015,Michigan,MI,8636,MI4175400,Sparta,4296,6,"Cities from 2,500 thru 9,999",1,12,1,12,0,1,1
2015,Michigan,MI,8940,MI7388700,Spaulding Township,2066,7,"Cities under 2,500",0,3,0,3,0,0,0
2015,Michigan,MI,8598,MI3875500,Spring Arbor Township,8272,6,"Cities from 2,500 thru 9,999",1,12,1,12,0,1,1
2015,Michigan,MI,8386,MI1375700,Springfield,5200,6,"Cities from 2,500 thru 9,999",0,0,0,0,1,1,1
2015,Michigan,MI,25602,MI631920X,Springfield Township,14444,5,"Cities from 10,000 thru 24,999",1,12,1,12,0,1,1
2015,Michigan,MI,8900,MI7075600,Spring Lake-Ferrysburg,5489,6,"Cities from 2,500 thru 9,999",0,0,0,0,1,1,1
2015,Michigan,MI,8599,MI3875800,Springport Township,2149,7,"Cities under 2,500",0,0,0,0,0,0,0
2015,Michigan,MI,8580,MI3675900,Stambaugh,1092,7,"Cities under 2,500",0,0,0,0,1,1,1
2015,Michigan,MI,8318,MI0676000,Standish,1450,7,"Cities under 2,500",1,12,1,12,0,1,1
2015,Michigan,MI,8786,MI5976100,Stanton,1411,7,"Cities under 2,500",1,12,1,12,0,1,1
2015,Michigan,MI,8286,MI0100100,State Police: Alcona County,0,8D,"Non-MSA counties under 10,000",1,12,1,12,0,1,1
2015,Michigan,MI,8290,MI0200200,State Police: Alger County,0,8D,"Non-MSA counties under 10,000",1,12,1,12,0,1,1
2015,Michigan,MI,8293,MI0300300,State Police: Allegan County,0,8D,"Non-MSA counties under 10,000",1,12,1,12,0,1,1
2015,Michigan,MI,8305,MI0400400,State Police: Alpena County,0,8D,"Non-MSA counties under 10,000",1,12,1,12,0,1,1
2015,Michigan,MI,8308,MI0500500,State Police: Antrim County,0,8D,"Non-MSA counties under 10,000",1,12,1,12,0,1,1
2015,Michigan,MI,8315,MI0600600,State Police: Arenac County,0,8D,"Non-MSA counties under 10,000",1,12,1,12,0,1,1
2015,Michigan,MI,8319,MI0700700,State Police: Baraga County,0,8D,"Non-MSA counties under 10,000",1,12,1,12,0,1,1
2015,Michigan,MI,8323,MI0800800,State Police: Barry County,0,9D,"MSA counties under 10,000",1,12,1,12,0,1,1
2015,Michigan,MI,8332,MI0900900,State Police: Bay County,0,9D,"MSA counties under 10,000",1,12,1,12,0,1,1
2015,Michigan,MI,8340,MI1001000,State Police: Benzie County,0,8D,"Non-MSA counties under 10,000",1,12,1,12,0,1,1
2015,Michigan,MI,8346,MI1101100,State Police: Berrien County,0,9D,"MSA counties under 10,000",1,12,1,12,0,1,1
2015,Michigan,MI,8369,MI1201200,State Police: Branch County,0,8D,"Non-MSA counties under 10,000",1,12,1,12,0,1,1
2015,Michigan,MI,8376,MI1301300,State Police: Calhoun County,0,9D,"MSA counties under 10,000",1,12,1,12,0,1,1
2015,Michigan,MI,8387,MI1401400,State Police: Cass County,0,9D,"MSA counties under 10,000",1,12,1,12,0,1,1
2015,Michigan,MI,8395,MI1501500,State Police: Charlevoix County,0,8D,"Non-MSA counties under 10,000",1,12,1,12,0,1,1
2015,Michigan,MI,8401,MI1601600,State Police: Cheboygan County,0,8D,"Non-MSA counties under 10,000",1,12,1,12,0,1,1
2015,Michigan,MI,8406,MI1701700,State Police: Chippewa County,0,8D,"Non-MSA counties under 10,000",1,12,1,12,0,1,1
2015,Michigan,MI,8411,MI1801800,State Police: Clare County,0,8D,"Non-MSA counties under 10,000",1,12,1,12,0,1,1
2015,Michigan,MI,8417,MI1901900,State Police: Clinton County,0,9D,"MSA counties under 10,000",1,12,1,12,0,1,1
2015,Michigan,MI,8428,MI2002000,State Police: Crawford County,0,8D,"Non-MSA counties under 10,000",1,12,1,12,0,1,1
2015,Michigan,MI,8432,MI2102100,State Police: Delta County,0,8D,"Non-MSA counties under 10,000",1,12,1,12,0,1,1
2015,Michigan,MI,8437,MI2202200,State Police: Dickinson County,0,8D,"Non-MSA counties under 10,000",1,12,1,12,0,1,1
2015,Michigan,MI,8442,MI2302300,State Police: Eaton County,0,9D,"MSA counties under 10,000",1,12,1,12,0,1,1
2015,Michigan,MI,8454,MI2402400,State Police: Emmet County,0,8D,"Non-MSA counties under 10,000",1,12,1,12,0,1,1
2015,Michigan,MI,8459,MI2502500,State Police: Genesee County,0,9D,"MSA counties under 10,000",1,12,1,12,0,1,1
2015,Michigan,MI,8492,MI2602600,State Police: Gladwin County,0,8D,"Non-MSA counties under 10,000",1,12,1,12,0,1,1
2015,Michigan,MI,8496,MI2702700,State Police: Gogebic County,0,8D,"Non-MSA counties under 10,000",1,12,1,12,0,1,1
2015,Michigan,MI,8504,MI2802800,State Police: Grand Traverse County,0,8D,"Non-MSA counties under 10,000",1,12,1,12,0,1,1
2015,Michigan,MI,8507,MI2902900,State Police: Gratiot County,0,8D,"Non-MSA counties under 10,000",1,12,1,12,0,1,1
2015,Michigan,MI,8513,MI3003000,State Police: Hillsdale County,0,8D,"Non-MSA counties under 10,000",1,12,1,12,0,1,1
2015,Michigan,MI,8522,MI3103100,State Police: Houghton County,0,8D,"Non-MSA counties under 10,000",1,12,1,12,0,1,1
2015,Michigan,MI,8533,MI3203200,State Police: Huron County,0,8D,"Non-MSA counties under 10,000",1,12,1,12,0,1,1
2015,Michigan,MI,8548,MI3303300,State Police: Ingham County,0,9D,"MSA counties under 10,000",1,12,1,12,0,1,1
2015,Michigan,MI,8562,MI3403400,State Police: Ionia County,0,8D,"Non-MSA counties under 10,000",1,12,1,12,0,1,1
2015,Michigan,MI,8568,MI3503500,State Police: Iosco County,0,8D,"Non-MSA counties under 10,000",1,12,1,12,0,1,1
2015,Michigan,MI,8573,MI3603600,State Police: Iron County,0,8D,"Non-MSA counties under 10,000",1,12,1,12,0,1,1
2015,Michigan,MI,8581,MI3703700,State Police: Isabella County,0,8D,"Non-MSA counties under 10,000",1,12,1,12,0,1,1
2015,Michigan,MI,8586,MI3803800,State Police: Jackson County,0,9D,"MSA counties under 10,000",1,12,1,12,0,1,1
2015,Michigan,MI,8605,MI3903900,State Police: Kalamazoo County,0,9D,"MSA counties under 10,000",1,12,1,12,0,1,1
2015,Michigan,MI,8621,MI4004000,State Police: Kalkaska County,0,8D,"Non-MSA counties under 10,000",1,12,1,12,0,1,1
2015,Michigan,MI,8625,MI4104100,State Police: Kent County,0,9D,"MSA counties under 10,000",1,12,1,12,0,1,1
2015,Michigan,MI,8640,MI4204200,State Police: Keweenaw County,0,8D,"Non-MSA counties under 10,000",1,12,1,12,0,1,1
2015,Michigan,MI,8643,MI4304300,State Police: Lake County,0,8D,"Non-MSA counties under 10,000",1,12,1,12,0,1,1
2015,Michigan,MI,8647,MI4404400,State Police: Lapeer County,0,9D,"MSA counties under 10,000",1,12,1,12,0,1,1
2015,Michigan,MI,8660,MI4504500,State Police: Leelanau County,0,8D,"Non-MSA counties under 10,000",1,12,1,12,0,1,1
2015,Michigan,MI,8666,MI4604600,State Police: Lenawee County,0,8D,"Non-MSA counties under 10,000",1,12,1,12,0,1,1
2015,Michigan,MI,8682,MI4704700,State Police: Livingston County,0,9D,"MSA counties under 10,000",1,12,1,12,0,1,1
2015,Michigan,MI,8692,MI4804800,State Police: Luce County,0,8D,"Non-MSA counties under 10,000",1,12,1,12,0,1,1
2015,Michigan,MI,8695,MI4904900,State Police: Mackinac County,0,8D,"Non-MSA counties under 10,000",1,12,1,12,0,1,1
2015,Michigan,MI,8699,MI5005000,State Police: Macomb County,0,9D,"MSA counties under 10,000",1,12,1,12,0,1,1
2015,Michigan,MI,8721,MI5105100,State Police: Manistee County,0,8D,"Non-MSA counties under 10,000",1,12,1,12,0,1,1
2015,Michigan,MI,8725,MI5205200,State Police: Marquette County,0,8D,"Non-MSA counties under 10,000",1,12,1,12,0,1,1
2015,Michigan,MI,8740,MI5305300,State Police: Mason County,0,8D,"Non-MSA counties under 10,000",1,12,1,12,0,1,1
2015,Michigan,MI,8744,MI5405400,State Police: Mecosta County,0,8D,"Non-MSA counties under 10,000",1,12,1,12,0,1,1
2015,Michigan,MI,8749,MI5505500,State Police: Menominee County,0,8D,"Non-MSA counties under 10,000",1,12,1,12,0,1,1
2015,Michigan,MI,8754,MI5605600,State Police: Midland County,0,9D,"MSA counties under 10,000",1,12,1,12,0,1,1
2015,Michigan,MI,8760,MI5705700,State Police: Missaukee County,0,8D,"Non-MSA counties under 10,000",1,12,1,12,0,1,1
2015,Michigan,MI,8764,MI5805800,State Police: Monroe County,0,9D,"MSA counties under 10,000",1,12,1,12,0,1,1
2015,Michigan,MI,8774,MI5905900,State Police: Montcalm County,0,9D,"MSA counties under 10,000",1,12,1,12,0,1,1
2015,Michigan,MI,8787,MI6006000,State Police: Montmorency County,0,8D,"Non-MSA counties under 10,000",1,12,1,12,0,1,1
2015,Michigan,MI,8791,MI6106100,State Police: Muskegon County,0,9D,"MSA counties under 10,000",1,12,1,12,0,1,1
2015,Michigan,MI,8807,MI6206200,State Police: Newaygo County,0,8D,"Non-MSA counties under 10,000",1,12,1,12,0,1,1
2015,Michigan,MI,8813,MI6306300,State Police: Oakland County,0,9D,"MSA counties under 10,000",1,12,1,12,0,1,1
2015,Michigan,MI,8863,MI6406400,State Police: Oceana County,0,8D,"Non-MSA counties under 10,000",1,12,1,12,0,1,1
2015,Michigan,MI,8872,MI6506500,State Police: Ogemaw County,0,8D,"Non-MSA counties under 10,000",1,12,1,12,0,1,1
2015,Michigan,MI,8878,MI6606600,State Police: Ontonagon County,0,8D,"Non-MSA counties under 10,000",1,12,1,12,0,1,1
2015,Michigan,MI,8881,MI6706700,State Police: Osceola County,0,8D,"Non-MSA counties under 10,000",1,12,1,12,0,1,1
2015,Michigan,MI,8887,MI6806800,State Police: Oscoda County,0,8D,"Non-MSA counties under 10,000",1,12,1,12,0,1,1
2015,Michigan,MI,8889,MI6906900,State Police: Otsego County,0,8D,"Non-MSA counties under 10,000",1,12,1,12,0,1,1
2015,Michigan,MI,8893,MI7007000,State Police: Ottawa County,0,9D,"MSA counties under 10,000",1,12,1,12,0,1,1
2015,Michigan,MI,8904,MI7107100,State Police: Presque Isle County,0,8D,"Non-MSA counties under 10,000",1,12,1,12,0,1,1
2015,Michigan,MI,8910,MI7207200,State Police: Roscommon County,0,8D,"Non-MSA counties under 10,000",1,12,1,12,0,1,1
2015,Michigan,MI,8919,MI7307300,State Police: Saginaw County,0,9D,"MSA counties under 10,000",1,12,1,12,0,1,1
2015,Michigan,MI,8967,MI7607600,State Police: Sanilac County,0,8D,"Non-MSA counties under 10,000",1,12,1,12,0,1,1
2015,Michigan,MI,8980,MI7707700,State Police: Schoolcraft County,0,8D,"Non-MSA counties under 10,000",1,12,1,12,0,1,1
2015,Michigan,MI,8983,MI7807800,State Police: Shiawassee County,0,8D,"Non-MSA counties under 10,000",1,12,1,12,0,1,1
2015,Michigan,MI,8944,MI7407400,State Police: St. Clair County,0,9D,"MSA counties under 10,000",1,12,1,12,0,1,1
2015,Michigan,MI,8957,MI7507500,State Police: St. Joseph County,0,8D,"Non-MSA counties under 10,000",1,12,1,12,0,1,1
2015,Michigan,MI,8997,MI7907900,State Police: Tuscola County,0,8D,"Non-MSA counties under 10,000",1,12,1,12,0,1,1
2015,Michigan,MI,9013,MI8008000,State Police: Van Buren County,0,9D,"MSA counties under 10,000",1,12,1,12,0,1,1
2015,Michigan,MI,9028,MI8108100,State Police: Washtenaw County,0,9D,"MSA counties under 10,000",1,12,1,12,0,1,1
2015,Michigan,MI,9043,MI8208200,State Police: Wayne County,0,9D,"MSA counties under 10,000",1,12,1,12,0,1,1
2015,Michigan,MI,9091,MI8308300,State Police: Wexford County,0,8D,"Non-MSA counties under 10,000",1,12,1,12,0,1,1
2015,Michigan,MI,8932,MI7372000,St. Charles,1964,7,"Cities under 2,500",1,12,1,12,0,1,1
2015,Michigan,MI,8952,MI7472100,St. Clair,5382,6,"Cities from 2,500 thru 9,999",1,12,1,12,0,1,1
2015,Michigan,MI,8945,MI7417400,St. Clair,98281,9B,"MSA counties from 25,000 thru 99,999",1,12,1,12,0,1,1
2015,Michigan,MI,8712,MI5072200,St. Clair Shores,60116,3,"Cities from 50,000 thru 99,000",1,12,1,12,0,1,1
2015,Michigan,MI,8752,MI5576300,Stephenson,845,7,"Cities under 2,500",0,0,0,0,1,1,1
2015,Michigan,MI,8714,MI5076500,Sterling Heights,132255,2,"Cities from 100,000 thru 249,000",1,12,1,12,0,1,1
2015,Michigan,MI,8698,MI4972400,St. Ignace,2419,7,"Cities under 2,500",1,12,1,12,0,1,1
2015,Michigan,MI,8425,MI1972500,St. Johns,7998,6,"Cities from 2,500 thru 9,999",1,12,1,12,0,1,1
2015,Michigan,MI,8958,MI7517500,St. Joseph,34466,8B,"Non-MSA counties from 25,000 thru 99,999",1,12,1,12,0,1,1
2015,Michigan,MI,8361,MI1172600,St. Joseph,8316,6,"Cities from 2,500 thru 9,999",1,12,1,12,0,1,1
2015,Michigan,MI,8368,MI1187700,St. Joseph Township,9892,6,"Cities from 2,500 thru 9,999",1,12,1,12,0,1,1
2015,Michigan,MI,8512,MI2972700,St. Louis,7197,6,"Cities from 2,500 thru 9,999",1,12,1,12,0,1,1
2015,Michigan,MI,8555,MI3376700,Stockbridge,1225,7,"Cities under 2,500",1,12,1,12,0,1,1
2015,Michigan,MI,8963,MI7576800,Sturgis,10879,5,"Cities from 10,000 thru 24,999",1,12,1,12,0,1,1
2015,Michigan,MI,8600,MI3876900,Summit Township,22471,5,"Cities from 10,000 thru 24,999",0,0,0,0,1,1,1
2015,Michigan,MI,9075,MI8277000,Sumpter Township,9320,6,"Cities from 2,500 thru 9,999",1,12,1,12,0,1,1
2015,Michigan,MI,8452,MI2377100,Sunfield,583,7,"Cities under 2,500",0,0,0,0,1,1,1
2015,Michigan,MI,8663,MI4574600,Suttons Bay,626,7,"Cities under 2,500",0,0,0,0,1,1,1
2015,Michigan,MI,8481,MI2577200,Swartz Creek,5549,6,"Cities from 2,500 thru 9,999",1,12,1,12,0,1,1
2015,Michigan,MI,8851,MI6377300,Sylvan Lake,1819,7,"Cities under 2,500",1,12,1,12,0,1,1
2015,Michigan,MI,8570,MI3536500,Tawas,4534,6,"Cities from 2,500 thru 9,999",1,12,1,12,0,1,1
2015,Michigan,MI,8572,MI3577400,Tawas City,1786,7,"Cities under 2,500",0,0,0,0,1,1,1
2015,Michigan,MI,9076,MI8277500,Taylor,61250,3,"Cities from 50,000 thru 99,000",1,12,1,12,0,1,1
2015,Michigan,MI,8939,MI7387900,Taymouth Township,4360,6,"Cities from 2,500 thru 9,999",0,0,0,0,1,1,1
2015,Michigan,MI,8679,MI4677600,Tecumseh,8383,6,"Cities from 2,500 thru 9,999",1,12,1,12,0,1,1
2015,Michigan,MI,8482,MI2578200,Thetford Township,6740,6,"Cities from 2,500 thru 9,999",1,12,1,12,0,1,1
2015,Michigan,MI,8941,MI7389400,Thomas Township,11616,5,"Cities from 10,000 thru 24,999",1,12,1,12,0,1,1
2015,Michigan,MI,8363,MI1177900,Three Oaks,1581,7,"Cities under 2,500",0,0,0,0,1,1,1
2015,Michigan,MI,8964,MI7578000,Three Rivers,7729,6,"Cities from 2,500 thru 9,999",1,12,1,12,0,1,1
2015,Michigan,MI,8737,MI5290700,Tilden Township,1024,7,"Cities under 2,500",0,0,0,0,1,1,1
2015,Michigan,MI,8933,MI7377800,Tittabawassee Township,9827,6,"Cities from 2,500 thru 9,999",1,12,1,12,0,1,1
2015,Michigan,MI,8506,MI2878100,Traverse City,15137,5,"Cities from 10,000 thru 24,999",1,12,1,12,0,1,1
2015,Michigan,MI,9077,MI8278300,Trenton,18332,5,"Cities from 10,000 thru 24,999",1,12,1,12,0,1,1
2015,Michigan,MI,8935,MI7384000,Tri-City Airport,0,7,"Cities under 2,500",0,0,0,0,1,1,1
2015,Michigan,MI,8852,MI6378400,Troy,83642,3,"Cities from 50,000 thru 99,000",1,12,1,12,0,1,1
2015,Michigan,MI,8405,MI1684700,Tuscarora Township,2978,6,"Cities from 2,500 thru 9,999",1,12,1,12,0,1,1
2015,Michigan,MI,8998,MI7917900,Tuscola,39944,8B,"Non-MSA counties from 25,000 thru 99,999",1,12,1,12,0,1,1
2015,Michigan,MI,8546,MI3278900,Ubly,826,7,"Cities under 2,500",1,12,1,12,0,1,1
2015,Michigan,MI,8691,MI4794100,Unadilla Township,3475,6,"Cities from 2,500 thru 9,999",1,12,1,12,0,1,1
2015,Michigan,MI,8375,MI1279000,Union City,1577,7,"Cities under 2,500",0,10,0,10,0,0,0
2015,Michigan,MI,9009,MI7979100,Unionville,494,7,"Cities under 2,500",0,0,0,0,0,0,0
2015,Michigan,MI,9040,MI8190300,University of Michigan: Ann Arbor,0,7,"Cities under 2,500",1,12,1,12,0,1,1
2015,Michigan,MI,9086,MI8290600,University of Michigan: Dearborn,0,7,"Cities under 2,500",1,12,1,12,0,1,1
2015,Michigan,MI,8490,MI2590400,University of Michigan: Flint,0,7,"Cities under 2,500",1,12,1,12,0,1,1
2015,Michigan,MI,8715,MI5079200,Utica,4790,6,"Cities from 2,500 thru 9,999",1,12,1,12,0,1,1
2015,Michigan,MI,9014,MI8018000,Van Buren,54315,9B,"MSA counties from 25,000 thru 99,999",1,12,1,12,0,1,1
2015,Michigan,MI,9078,MI8279300,Van Buren Township,28202,4,"Cities from 25,000 thru 49,999",1,12,1,12,0,1,1
2015,Michigan,MI,8393,MI1479300,Vandalia,294,7,"Cities under 2,500",0,0,0,0,1,1,1
2015,Michigan,MI,8892,MI6979400,Vanderbilt,562,7,"Cities under 2,500",0,0,0,0,1,1,1
2015,Michigan,MI,9010,MI7979500,Vassar,2611,6,"Cities from 2,500 thru 9,999",1,12,1,12,0,1,1
2015,Michigan,MI,8453,MI2379600,Vermontville Township,2067,7,"Cities under 2,500",0,0,0,0,1,1,1
2015,Michigan,MI,8996,MI7879700,Vernon,758,7,"Cities under 2,500",1,12,1,12,0,1,1
2015,Michigan,MI,8616,MI3979900,Vicksburg,3252,6,"Cities from 2,500 thru 9,999",1,12,1,12,0,1,1
2015,Michigan,MI,8486,MI2585900,Vienna Township,12771,5,"Cities from 10,000 thru 24,999",0,0,0,0,1,1,1
2015,Michigan,MI,8501,MI2780000,Wakefield,1741,7,"Cities under 2,500",0,0,0,0,1,1,1
2015,Michigan,MI,8520,MI3080100,Waldron,528,7,"Cities under 2,500",0,0,0,0,1,1,1
2015,Michigan,MI,8637,MI4180200,Walker,24706,5,"Cities from 10,000 thru 24,999",1,12,1,12,0,1,1
2015,Michigan,MI,8853,MI6380400,Walled Lake,7162,6,"Cities from 2,500 thru 9,999",1,12,1,12,0,1,1
2015,Michigan,MI,8716,MI5080600,Warren,135367,2,"Cities from 100,000 thru 249,000",1,12,1,12,0,1,1
2015,Michigan,MI,9029,MI8118100,Washtenaw,155563,9A,"MSA counties 100,000 or over",1,12,1,12,0,1,1
2015,Michigan,MI,8854,MI6380800,Waterford Township,73500,3,"Cities from 50,000 thru 99,000",1,12,1,12,0,1,1
2015,Michigan,MI,8604,MI3893200,Waterloo Township,2827,6,"Cities from 2,500 thru 9,999",0,0,0,1,1,1,1
2015,Michigan,MI,8502,MI2780900,Watersmeet Township,1374,7,"Cities under 2,500",0,0,0,0,1,1,1
2015,Michigan,MI,9011,MI7980700,Watertown Township,2125,7,"Cities under 2,500",0,0,0,0,1,1,1
2015,Michigan,MI,8364,MI1181000,Watervliet,1695,7,"Cities under 2,500",1,12,1,12,0,1,1
2015,Michigan,MI,8303,MI0381100,Wayland,4154,6,"Cities from 2,500 thru 9,999",1,12,1,12,0,1,1
2015,Michigan,MI,9079,MI8281200,Wayne,16977,5,"Cities from 10,000 thru 24,999",1,12,1,12,0,1,1
2015,Michigan,MI,9044,MI8218200,Wayne,0,9D,"MSA counties under 10,000",1,12,1,12,0,1,1
2015,Michigan,MI,9088,MI8293900,Wayne County Airport,0,7,"Cities under 2,500",1,12,1,12,0,1,1
2015,Michigan,MI,8556,MI3381300,Webberville,1267,7,"Cities under 2,500",0,0,0,0,1,1,1
2015,Michigan,MI,8855,MI6381500,West Bloomfield Township,66274,3,"Cities from 50,000 thru 99,000",1,12,1,12,0,1,1
2015,Michigan,MI,8877,MI6581600,West Branch,2063,7,"Cities under 2,500",1,12,1,12,0,1,1
2015,Michigan,MI,8618,MI3988100,Western Michigan University,0,7,"Cities under 2,500",1,12,1,12,0,1,1
2015,Michigan,MI,9080,MI8281700,Westland,81917,3,"Cities from 50,000 thru 99,000",1,12,1,12,0,1,1
2015,Michigan,MI,9092,MI8318300,Wexford,21247,8C,"Non-MSA counties from 10,000 thru 24,999",1,12,1,12,0,1,1
2015,Michigan,MI,8811,MI6282000,White Cloud,1378,7,"Cities under 2,500",1,12,1,12,0,1,1
2015,Michigan,MI,8804,MI6182400,Whitehall,2695,6,"Cities from 2,500 thru 9,999",1,12,1,12,0,1,1
2015,Michigan,MI,8856,MI6382100,White Lake Township,31172,4,"Cities from 25,000 thru 49,999",1,12,1,12,0,1,1
2015,Michigan,MI,8965,MI7582200,White Pigeon,1510,7,"Cities under 2,500",1,12,1,12,0,1,1
2015,Michigan,MI,8557,MI3382600,Williamston,3852,6,"Cities from 2,500 thru 9,999",1,12,1,12,0,1,1
2015,Michigan,MI,8857,MI6382700,Wixom,13806,5,"Cities from 10,000 thru 24,999",1,12,1,12,0,1,1
2015,Michigan,MI,8858,MI6382900,Wolverine Lake,4417,6,"Cities from 2,500 thru 9,999",1,12,1,12,0,1,1
2015,Michigan,MI,9081,MI8283100,Woodhaven,12530,5,"Cities from 10,000 thru 24,999",1,12,1,12,0,1,1
2015,Michigan,MI,8331,MI0883200,Woodland Township,2061,7,"Cities under 2,500",0,0,0,0,0,0,0
2015,Michigan,MI,8672,MI4630200,Woodstock Township,3456,6,"Cities from 2,500 thru 9,999",0,0,0,0,1,1,1
2015,Michigan,MI,9082,MI8283300,Wyandotte,24990,5,"Cities from 10,000 thru 24,999",1,12,1,12,0,1,1
2015,Michigan,MI,8638,MI4183400,Wyoming,75518,3,"Cities from 50,000 thru 99,000",1,12,1,12,0,1,1
2015,Michigan,MI,8953,MI7483500,Yale,1909,7,"Cities under 2,500",1,12,1,12,0,1,1
2015,Michigan,MI,8645,MI4348900,Yates Township,746,7,"Cities under 2,500",0,0,0,0,1,1,1
2015,Michigan,MI,9038,MI8183600,Ypsilanti,20208,5,"Cities from 10,000 thru 24,999",1,12,1,12,0,1,1
2015,Michigan,MI,8901,MI7083700,Zeeland,5656,6,"Cities from 2,500 thru 9,999",1,12,1,12,0,1,1
2015,Michigan,MI,8934,MI7383800,Zilwaukee,1583,7,"Cities under 2,500",1,12,1,12,0,1,1
